/*!40101 SET @OLD_CHARACTER_SET_CLIENT=@@CHARACTER_SET_CLIENT */;
/*!40101 SET @OLD_CHARACTER_SET_RESULTS=@@CHARACTER_SET_RESULTS */;
/*!40101 SET @OLD_COLLATION_CONNECTION=@@COLLATION_CONNECTION */;
/*!50503 SET NAMES utf8mb4 */;
/*!40103 SET @OLD_TIME_ZONE=@@TIME_ZONE */;
/*!40103 SET TIME_ZONE='+00:00' */;
/*!40014 SET @OLD_UNIQUE_CHECKS=@@UNIQUE_CHECKS, UNIQUE_CHECKS=0 */;
/*!40014 SET @OLD_FOREIGN_KEY_CHECKS=@@FOREIGN_KEY_CHECKS, FOREIGN_KEY_CHECKS=0 */;
/*!40101 SET @OLD_SQL_MODE=@@SQL_MODE, SQL_MODE='NO_AUTO_VALUE_ON_ZERO' */;
/*!40111 SET @OLD_SQL_NOTES=@@SQL_NOTES, SQL_NOTES=0 */;

CREATE DATABASE IF NOT EXISTS `industrial_chain` DEFAULT CHARACTER SET utf8mb4 COLLATE utf8mb4_unicode_ci;
USE `industrial_chain`;

DROP TABLE IF EXISTS `category_industry`;
CREATE TABLE `category_industry` (
  `category_id` bigint NOT NULL AUTO_INCREMENT COMMENT '行业分类唯一标识',
  `category_name` varchar(255) COLLATE utf8mb4_unicode_ci NOT NULL COMMENT '行业分类名称',
  `category_level` tinyint NOT NULL COMMENT '行业分类层级（0-3 级）',
  `category_level_code` varchar(255) COLLATE utf8mb4_unicode_ci NOT NULL COMMENT '行业分类层级编码',
  `category_level_code_parent` varchar(255) COLLATE utf8mb4_unicode_ci DEFAULT NULL COMMENT '行业分类层级编码（父级）',
  `field_belong` tinyint NOT NULL COMMENT '所属领域（1:数字医疗，2:康养）',
  `sort_order` int NOT NULL DEFAULT '0' COMMENT '排序序号',
  PRIMARY KEY (`category_id`),
  UNIQUE KEY `uk_category_industry_level_code` (`category_level_code`),
  KEY `idx_category_industry_parent_code` (`category_level_code_parent`),
  KEY `idx_category_industry_field_belong` (`field_belong`),
  CONSTRAINT `chk_category_industry_field_belong` CHECK ((`field_belong` in (1,2))),
  CONSTRAINT `chk_category_industry_level` CHECK ((`category_level` between 0 and 3)),
  CONSTRAINT `chk_category_industry_sort_order` CHECK ((`sort_order` >= 0))
) ENGINE=InnoDB DEFAULT CHARSET=utf8mb4 COLLATE=utf8mb4_unicode_ci COMMENT='行业分类表';

DROP TABLE IF EXISTS `category_industry_company_map`;
CREATE TABLE `category_industry_company_map` (
  `category_industry_company_map_id` bigint NOT NULL AUTO_INCREMENT COMMENT '映射唯一标识',
  `category_id` bigint NOT NULL COMMENT '行业分类唯一标识',
  `company_id` bigint NOT NULL COMMENT '企业唯一标识',
  PRIMARY KEY (`category_industry_company_map_id`),
  UNIQUE KEY `uk_category_industry_company_map` (`category_id`,`company_id`),
  KEY `fk_category_industry_company_map_company` (`company_id`),
  CONSTRAINT `fk_category_industry_company_map_category` FOREIGN KEY (`category_id`) REFERENCES `category_industry` (`category_id`),
  CONSTRAINT `fk_category_industry_company_map_company` FOREIGN KEY (`company_id`) REFERENCES `company_basic` (`company_id`)
) ENGINE=InnoDB DEFAULT CHARSET=utf8mb4 COLLATE=utf8mb4_unicode_ci COMMENT='行业分类与企业映射表';

DROP TABLE IF EXISTS `chain_industry`;
CREATE TABLE `chain_industry` (
  `chain_id` bigint NOT NULL AUTO_INCREMENT COMMENT '产业链节点唯一标识',
  `chain_name` varchar(255) COLLATE utf8mb4_unicode_ci NOT NULL COMMENT '产业链节点名称',
  `chain_des` varchar(255) COLLATE utf8mb4_unicode_ci DEFAULT NULL COMMENT '产业链节点简述',
  PRIMARY KEY (`chain_id`),
  UNIQUE KEY `uk_chain_industry_name` (`chain_name`)
) ENGINE=InnoDB DEFAULT CHARSET=utf8mb4 COLLATE=utf8mb4_unicode_ci COMMENT='产业链节点表';

DROP TABLE IF EXISTS `chain_industry_category_industry_map`;
CREATE TABLE `chain_industry_category_industry_map` (
  `chain_industry_category_industry_map_id` bigint NOT NULL AUTO_INCREMENT COMMENT '映射唯一标识',
  `chain_id` bigint NOT NULL COMMENT '产业链节点唯一标识',
  `category_id` bigint NOT NULL COMMENT '行业分类唯一标识',
  PRIMARY KEY (`chain_industry_category_industry_map_id`),
  UNIQUE KEY `uk_chain_industry_category_industry_map` (`chain_id`,`category_id`),
  KEY `fk_chain_industry_category_industry_map_category` (`category_id`),
  CONSTRAINT `fk_chain_industry_category_industry_map_category` FOREIGN KEY (`category_id`) REFERENCES `category_industry` (`category_id`),
  CONSTRAINT `fk_chain_industry_category_industry_map_chain` FOREIGN KEY (`chain_id`) REFERENCES `chain_industry` (`chain_id`)
) ENGINE=InnoDB DEFAULT CHARSET=utf8mb4 COLLATE=utf8mb4_unicode_ci COMMENT='产业链节点与行业分类映射表';

DROP TABLE IF EXISTS `company_address`;
CREATE TABLE `company_address` (
  `company_address_id` bigint NOT NULL AUTO_INCREMENT COMMENT '企业地址记录唯一标识',
  `company_id` bigint NOT NULL COMMENT '企业唯一标识',
  `address_type` varchar(64) COLLATE utf8mb4_unicode_ci NOT NULL DEFAULT 'registered' COMMENT '地址类型',
  `address_text` varchar(255) COLLATE utf8mb4_unicode_ci NOT NULL COMMENT '企业地址',
  `province` varchar(255) COLLATE utf8mb4_unicode_ci DEFAULT NULL COMMENT '省',
  `city` varchar(255) COLLATE utf8mb4_unicode_ci DEFAULT NULL COMMENT '市',
  `district` varchar(255) COLLATE utf8mb4_unicode_ci DEFAULT NULL COMMENT '区县',
  `is_latest` tinyint NOT NULL DEFAULT '0' COMMENT '是否为最新记录',
  PRIMARY KEY (`company_address_id`),
  KEY `idx_company_address_company_id` (`company_id`),
  CONSTRAINT `fk_company_address_company` FOREIGN KEY (`company_id`) REFERENCES `company_basic` (`company_id`),
  CONSTRAINT `chk_company_address_is_latest` CHECK ((`is_latest` in (0,1)))
) ENGINE=InnoDB DEFAULT CHARSET=utf8mb4 COLLATE=utf8mb4_unicode_ci COMMENT='企业地址信息表';

DROP TABLE IF EXISTS `company_basic`;
CREATE TABLE `company_basic` (
  `company_id` bigint NOT NULL AUTO_INCREMENT COMMENT '企业唯一标识',
  `company_name` varchar(255) COLLATE utf8mb4_unicode_ci DEFAULT NULL COMMENT '企业名称',
  `company_name_en` varchar(255) COLLATE utf8mb4_unicode_ci DEFAULT NULL COMMENT '企业英文名称',
  `former_name_latest` varchar(255) COLLATE utf8mb4_unicode_ci DEFAULT NULL COMMENT '企业曾用名（最新）',
  `credit_code` char(18) COLLATE utf8mb4_unicode_ci NOT NULL COMMENT '统一社会信用代码',
  `legal_representative` varchar(255) COLLATE utf8mb4_unicode_ci DEFAULT NULL COMMENT '法定代表人',
  `register_number` char(15) COLLATE utf8mb4_unicode_ci DEFAULT NULL COMMENT '注册号（工商注册号，旧版企业登记编号）',
  `approved_date` date DEFAULT NULL COMMENT '核准日期（工商信息最后核准更新日期）',
  `org_code` char(9) COLLATE utf8mb4_unicode_ci DEFAULT NULL COMMENT '组织机构代码',
  `establish_date` date DEFAULT NULL COMMENT '成立日期',
  `business_term` varchar(255) COLLATE utf8mb4_unicode_ci DEFAULT NULL COMMENT '经营期限',
  `business_scope` text COLLATE utf8mb4_unicode_ci COMMENT '经营范围',
  `company_status` varchar(255) COLLATE utf8mb4_unicode_ci DEFAULT NULL COMMENT '经营状态',
  `email_business` varchar(255) COLLATE utf8mb4_unicode_ci DEFAULT NULL COMMENT '企业邮箱（工商信息）',
  `email_auth` varchar(255) COLLATE utf8mb4_unicode_ci DEFAULT NULL COMMENT '企业邮箱（认证）',
  `website` varchar(255) COLLATE utf8mb4_unicode_ci DEFAULT NULL COMMENT '企业网站 URL',
  `contact_phone` varchar(255) COLLATE utf8mb4_unicode_ci DEFAULT NULL COMMENT '联系电话',
  `contact_info` varchar(255) COLLATE utf8mb4_unicode_ci DEFAULT NULL COMMENT '联系方式',
  `recommended_phone` varchar(255) COLLATE utf8mb4_unicode_ci DEFAULT NULL COMMENT '推荐电话',
  `latest_shareholder_name` varchar(255) COLLATE utf8mb4_unicode_ci DEFAULT NULL COMMENT '股东（最新）',
  `register_sheng` varchar(255) COLLATE utf8mb4_unicode_ci DEFAULT NULL COMMENT '注册地（省）',
  `register_shi` varchar(255) COLLATE utf8mb4_unicode_ci DEFAULT NULL COMMENT '注册地（市）',
  `register_xian` varchar(255) COLLATE utf8mb4_unicode_ci DEFAULT NULL COMMENT '注册地（区县）',
  `subdistrict` varchar(255) COLLATE utf8mb4_unicode_ci DEFAULT NULL COMMENT '所属街道/地区',
  `register_capital` decimal(18,4) DEFAULT NULL COMMENT '注册资本（万元）',
  `paid_capital` decimal(18,4) DEFAULT NULL COMMENT '实缴资本（万元）',
  `company_type` varchar(255) COLLATE utf8mb4_unicode_ci DEFAULT NULL COMMENT '企业类型',
  `org_type` varchar(255) COLLATE utf8mb4_unicode_ci DEFAULT NULL COMMENT '组织类型（暂时保留）',
  `investment_type` varchar(255) COLLATE utf8mb4_unicode_ci DEFAULT NULL COMMENT '投资类型',
  `company_scale` varchar(255) COLLATE utf8mb4_unicode_ci DEFAULT NULL COMMENT '企业规模',
  `employee_count` int DEFAULT NULL COMMENT '员工人数（最新）',
  `insured_count` int DEFAULT NULL COMMENT '参保人数',
  `industry_belong` varchar(255) COLLATE utf8mb4_unicode_ci DEFAULT NULL COMMENT '所属行业（国标）',
  `industry_belong_code` varchar(255) COLLATE utf8mb4_unicode_ci DEFAULT NULL COMMENT '所属行业代码（国标）',
  `is_branch` tinyint NOT NULL DEFAULT '0' COMMENT '是否为分支机构（1:是，0:否）',
  `branch_id` bigint DEFAULT NULL COMMENT '分支机构唯一标识',
  `branch_name` varchar(255) COLLATE utf8mb4_unicode_ci DEFAULT NULL COMMENT '分支机构名称（最新）',
  `register_address` varchar(255) COLLATE utf8mb4_unicode_ci DEFAULT NULL COMMENT '企业地址（工商信息）',
  `register_address_detail` varchar(255) COLLATE utf8mb4_unicode_ci DEFAULT NULL COMMENT '企业地址（详细，最新）',
  `qualification_label` varchar(255) COLLATE utf8mb4_unicode_ci DEFAULT NULL COMMENT '企业资质/企业科技属性（最新）',
  `is_general_taxpayer` tinyint NOT NULL DEFAULT '0' COMMENT '是否为一般纳税人（1:是，0:否）',
  `taxpayer_qualifications` varchar(255) COLLATE utf8mb4_unicode_ci DEFAULT NULL COMMENT '纳税人资质',
  `taxpayer_credit_rating` varchar(16) COLLATE utf8mb4_unicode_ci DEFAULT NULL COMMENT '纳税人信用等级：ABCDM',
  `financing_round` varchar(255) COLLATE utf8mb4_unicode_ci DEFAULT NULL COMMENT '投融资轮次（最新）',
  `financing_round_verify_time` date DEFAULT NULL COMMENT '投融资轮次核准时间（最新）',
  `financing_info` varchar(255) COLLATE utf8mb4_unicode_ci DEFAULT NULL COMMENT '投融资轮次信息（最新）',
  `stock_code` varchar(32) COLLATE utf8mb4_unicode_ci DEFAULT NULL COMMENT '股票代码',
  `field_belong` tinyint DEFAULT NULL COMMENT '所属领域（1:数字医疗，2:康养）',
  `is_high_tech_enterprise` tinyint NOT NULL DEFAULT '0' COMMENT '是否为高新技术企业（1:是，0:否）',
  `is_high_tech_enterprise_verify_time` date DEFAULT NULL COMMENT '高新技术企业认证日期',
  `is_micro_enterprise` tinyint NOT NULL DEFAULT '0' COMMENT '是否为小微企业（1:是，0:否）',
  `has_changed_info` tinyint NOT NULL DEFAULT '0' COMMENT '是否有变更信息（1:是，0:否）',
  `has_bidding` tinyint NOT NULL DEFAULT '0' COMMENT '是否有招投标信息（1:是，0:否）',
  `has_recruitment` tinyint NOT NULL DEFAULT '0' COMMENT '是否有招聘信息（1:是，0:否）',
  `industry_chain_link` tinyint DEFAULT NULL COMMENT '产业链环节（1:上游，2:中游，3:下游）',
  `has_software_copyright` tinyint NOT NULL DEFAULT '0' COMMENT '有无软件著作权',
  `has_work_copyright` tinyint NOT NULL DEFAULT '0' COMMENT '有无作品著作权',
  `listing_status` tinyint DEFAULT NULL COMMENT '上市状态（2:终止上市，1:正常上市，0:未上市）',
  `same_phone_company_count` int NOT NULL DEFAULT '0' COMMENT '同企业电话数量',
  `is_srdi_sme` tinyint NOT NULL DEFAULT '0' COMMENT '是否为专精特新中小企业',
  `is_gazelle_company` tinyint NOT NULL DEFAULT '0' COMMENT '是否为瞪羚企业',
  `is_tech_sme` tinyint NOT NULL DEFAULT '0' COMMENT '是否为科技型中小企业',
  `is_egalet_company` tinyint NOT NULL DEFAULT '0' COMMENT '是否为雏鹰企业',
  `is_srdi_little_giant` tinyint NOT NULL DEFAULT '0' COMMENT '是否为专精特新小巨人',
  `is_innovative_sme` tinyint NOT NULL DEFAULT '0' COMMENT '是否为创新型中小企业',
  `has_patent` tinyint NOT NULL DEFAULT '0' COMMENT '有无专利',
  `has_trademark` tinyint NOT NULL DEFAULT '0' COMMENT '有无商标',
  `has_legal_document` tinyint NOT NULL DEFAULT '0' COMMENT '有无法律文书',
  `has_dishonest_execution` tinyint NOT NULL DEFAULT '0' COMMENT '有无失信被执行',
  `has_chattel_mortgage` tinyint NOT NULL DEFAULT '0' COMMENT '有无动产抵押',
  `has_business_abnormal` tinyint NOT NULL DEFAULT '0' COMMENT '有无经营异常',
  `has_admin_penalty` tinyint NOT NULL DEFAULT '0' COMMENT '有无行政处罚',
  `has_bankruptcy_overlap` tinyint NOT NULL DEFAULT '0' COMMENT '有无破产重叠',
  `has_liquidation_info` tinyint NOT NULL DEFAULT '0' COMMENT '有无清算信息',
  `has_env_penalty` tinyint NOT NULL DEFAULT '0' COMMENT '有无环保处罚',
  `has_equity_freeze` tinyint NOT NULL DEFAULT '0' COMMENT '有无股权冻结',
  `has_executed_person` tinyint NOT NULL DEFAULT '0' COMMENT '有无被执行人',
  `has_consumption_restriction` tinyint NOT NULL DEFAULT '0' COMMENT '有无限制高消费',
  `consumption_restriction_count` int NOT NULL DEFAULT '0' COMMENT '限制高消费数量',
  `is_chaoyang_company` tinyint NOT NULL DEFAULT '0' COMMENT '是否是朝阳区企业',
  `created_at` datetime NOT NULL DEFAULT CURRENT_TIMESTAMP COMMENT '创建时间',
  `updated_at` datetime NOT NULL DEFAULT CURRENT_TIMESTAMP ON UPDATE CURRENT_TIMESTAMP COMMENT '更新时间',
  PRIMARY KEY (`company_id`),
  UNIQUE KEY `uk_company_basic_credit_code` (`credit_code`),
  KEY `idx_company_basic_company_name` (`company_name`),
  KEY `idx_company_basic_field_belong` (`field_belong`),
  KEY `idx_company_basic_industry_code` (`industry_belong_code`),
  KEY `idx_company_basic_subdistrict` (`subdistrict`),
  KEY `idx_company_basic_chaoyang` (`is_chaoyang_company`),
  CONSTRAINT `chk_company_basic_field_belong` CHECK (((`field_belong` is null) or (`field_belong` in (1,2)))),
  CONSTRAINT `chk_company_basic_general_taxpayer` CHECK ((`is_general_taxpayer` in (0,1))),
  CONSTRAINT `chk_company_basic_industry_chain_link` CHECK (((`industry_chain_link` is null) or (`industry_chain_link` in (1,2,3)))),
  CONSTRAINT `chk_company_basic_is_branch` CHECK ((`is_branch` in (0,1))),
  CONSTRAINT `chk_company_basic_listing_status` CHECK (((`listing_status` is null) or (`listing_status` in (0,1,2))))
) ENGINE=InnoDB DEFAULT CHARSET=utf8mb4 COLLATE=utf8mb4_unicode_ci COMMENT='企业基础信息表';

DROP TABLE IF EXISTS `company_basic_count`;
CREATE TABLE `company_basic_count` (
  `company_id` bigint NOT NULL COMMENT '企业唯一标识',
  `branch_count` int NOT NULL DEFAULT '0' COMMENT '分支机构数量（结构化明细）',
  `branch_count_raw` int NOT NULL DEFAULT '0' COMMENT '分支机构数量（原始聚合值）',
  `recruit_count` int NOT NULL DEFAULT '0' COMMENT '招聘信息数量（结构化明细）',
  `recruit_count_raw` int NOT NULL DEFAULT '0' COMMENT '招聘信息数量（原始聚合值）',
  `software_copyright_count` int NOT NULL DEFAULT '0' COMMENT '软件著作权数量（结构化明细）',
  `software_copyright_count_raw` int NOT NULL DEFAULT '0' COMMENT '软件著作权数量（原始聚合值）',
  `work_copyright_count` int NOT NULL DEFAULT '0' COMMENT '作品著作权数量（结构化明细）',
  `work_copyright_count_raw` int NOT NULL DEFAULT '0' COMMENT '作品著作权数量（原始聚合值）',
  `patent_count` int NOT NULL DEFAULT '0' COMMENT '专利数量（结构化明细）',
  `patent_count_raw` int NOT NULL DEFAULT '0' COMMENT '专利数量（原始聚合值）',
  `trademark_count` int NOT NULL DEFAULT '0' COMMENT '商标数量',
  `customer_count` int NOT NULL DEFAULT '0' COMMENT '客户数量（结构化明细）',
  `customer_count_raw` int NOT NULL DEFAULT '0' COMMENT '客户数量（原始聚合值）',
  `ranking_count` int NOT NULL DEFAULT '0' COMMENT '上榜榜单数量（结构化明细）',
  `ranking_count_raw` int NOT NULL DEFAULT '0' COMMENT '上榜榜单数量（原始聚合值）',
  `bidding_count` int NOT NULL DEFAULT '0' COMMENT '招投标数量（原始聚合值）',
  `legal_doc_case_count` int NOT NULL DEFAULT '0' COMMENT '法律文书（司法案件）数量',
  `legal_doc_judgement_count` int NOT NULL DEFAULT '0' COMMENT '法律文书（裁判文书）数量',
  `legal_doc_all_count` int NOT NULL DEFAULT '0' COMMENT '法律文书（全部）数量',
  `dishonest_execution_count` int NOT NULL DEFAULT '0' COMMENT '失信被执行数量',
  `chattel_mortgage_count` int NOT NULL DEFAULT '0' COMMENT '动产抵押数量',
  `business_abnormal_count` int NOT NULL DEFAULT '0' COMMENT '经营异常数量',
  `admin_penalty_count` int NOT NULL DEFAULT '0' COMMENT '行政处罚数量',
  `bankruptcy_overlap_count` int NOT NULL DEFAULT '0' COMMENT '破产重叠数量',
  `liquidation_info_count` int NOT NULL DEFAULT '0' COMMENT '清算信息数量',
  `env_penalty_count` int NOT NULL DEFAULT '0' COMMENT '环保处罚数量',
  `equity_freeze_count` int NOT NULL DEFAULT '0' COMMENT '股权冻结数量',
  `executed_person_count` int NOT NULL DEFAULT '0' COMMENT '被执行人数量',
  `ai_model_filing_count` int NOT NULL DEFAULT '0' COMMENT '算法备案医疗大模型数量',
  `high_quality_dataset_count` int NOT NULL DEFAULT '0' COMMENT '高质量数据集数量',
  `innovation_notice_count` int NOT NULL DEFAULT '0' COMMENT '创新性公示数量',
  PRIMARY KEY (`company_id`),
  CONSTRAINT `fk_company_basic_count_company` FOREIGN KEY (`company_id`) REFERENCES `company_basic` (`company_id`)
) ENGINE=InnoDB DEFAULT CHARSET=utf8mb4 COLLATE=utf8mb4_unicode_ci COMMENT='企业聚合计数表';

DROP TABLE IF EXISTS `company_ai_model_filing`;
CREATE TABLE `company_ai_model_filing` (
  `company_ai_model_filing_id` bigint NOT NULL AUTO_INCREMENT COMMENT '算法备案医疗大模型记录唯一标识',
  `company_id` bigint NOT NULL COMMENT '企业唯一标识',
  `company_name_raw` varchar(255) COLLATE utf8mb4_unicode_ci DEFAULT NULL COMMENT '企业名称原值',
  `model_name` varchar(255) COLLATE utf8mb4_unicode_ci NOT NULL COMMENT '模型名称',
  `filing_no` varchar(255) COLLATE utf8mb4_unicode_ci DEFAULT NULL COMMENT '备案编号',
  `filing_type` varchar(64) COLLATE utf8mb4_unicode_ci DEFAULT NULL COMMENT '备案类型',
  `territory` varchar(255) COLLATE utf8mb4_unicode_ci DEFAULT NULL COMMENT '属地',
  `filed_at` date DEFAULT NULL COMMENT '备案时间',
  `source_period_raw` varchar(64) COLLATE utf8mb4_unicode_ci DEFAULT NULL COMMENT '时期原值',
  `source_file` varchar(255) COLLATE utf8mb4_unicode_ci DEFAULT NULL COMMENT '来源文件',
  `source_sheet` varchar(128) COLLATE utf8mb4_unicode_ci DEFAULT NULL COMMENT '来源工作表',
  `created_at` datetime NOT NULL DEFAULT CURRENT_TIMESTAMP COMMENT '创建时间',
  `updated_at` datetime NOT NULL DEFAULT CURRENT_TIMESTAMP ON UPDATE CURRENT_TIMESTAMP COMMENT '更新时间',
  PRIMARY KEY (`company_ai_model_filing_id`),
  UNIQUE KEY `uk_company_ai_model_filing_company_no` (`company_id`,`filing_no`),
  KEY `idx_company_ai_model_filing_company_id` (`company_id`),
  KEY `idx_company_ai_model_filing_model_name` (`model_name`),
  CONSTRAINT `fk_company_ai_model_filing_company` FOREIGN KEY (`company_id`) REFERENCES `company_basic` (`company_id`)
) ENGINE=InnoDB DEFAULT CHARSET=utf8mb4 COLLATE=utf8mb4_unicode_ci COMMENT='企业算法备案医疗大模型表';

DROP TABLE IF EXISTS `company_high_quality_dataset`;
CREATE TABLE `company_high_quality_dataset` (
  `company_high_quality_dataset_id` bigint NOT NULL AUTO_INCREMENT COMMENT '高质量数据集记录唯一标识',
  `company_id` bigint NOT NULL COMMENT '企业唯一标识',
  `company_name_raw` varchar(255) COLLATE utf8mb4_unicode_ci DEFAULT NULL COMMENT '企业名称原值',
  `dataset_name` varchar(255) COLLATE utf8mb4_unicode_ci NOT NULL COMMENT '案例/数据集名称',
  `applicant_unit_raw` text COLLATE utf8mb4_unicode_ci COMMENT '申报单位原值',
  `recommender_unit` varchar(255) COLLATE utf8mb4_unicode_ci DEFAULT NULL COMMENT '推荐单位',
  `announced_at` date DEFAULT NULL COMMENT '公布日期',
  `source_file` varchar(255) COLLATE utf8mb4_unicode_ci DEFAULT NULL COMMENT '来源文件',
  `source_sheet` varchar(128) COLLATE utf8mb4_unicode_ci DEFAULT NULL COMMENT '来源工作表',
  `created_at` datetime NOT NULL DEFAULT CURRENT_TIMESTAMP COMMENT '创建时间',
  `updated_at` datetime NOT NULL DEFAULT CURRENT_TIMESTAMP ON UPDATE CURRENT_TIMESTAMP COMMENT '更新时间',
  PRIMARY KEY (`company_high_quality_dataset_id`),
  UNIQUE KEY `uk_company_high_quality_dataset_company_name` (`company_id`,`dataset_name`),
  KEY `idx_company_high_quality_dataset_company_id` (`company_id`),
  CONSTRAINT `fk_company_high_quality_dataset_company` FOREIGN KEY (`company_id`) REFERENCES `company_basic` (`company_id`)
) ENGINE=InnoDB DEFAULT CHARSET=utf8mb4 COLLATE=utf8mb4_unicode_ci COMMENT='企业高质量数据集表';

DROP TABLE IF EXISTS `company_innovation_notice`;
CREATE TABLE `company_innovation_notice` (
  `company_innovation_notice_id` bigint NOT NULL AUTO_INCREMENT COMMENT '创新性公示记录唯一标识',
  `company_id` bigint NOT NULL COMMENT '企业唯一标识',
  `company_name_raw` varchar(255) COLLATE utf8mb4_unicode_ci DEFAULT NULL COMMENT '企业名称原值',
  `notice_type` varchar(64) COLLATE utf8mb4_unicode_ci NOT NULL COMMENT '公示类型',
  `notice_title` varchar(255) COLLATE utf8mb4_unicode_ci DEFAULT NULL COMMENT '公示标题',
  `notice_category` varchar(255) COLLATE utf8mb4_unicode_ci DEFAULT NULL COMMENT '公示类别',
  `product_name` varchar(255) COLLATE utf8mb4_unicode_ci DEFAULT NULL COMMENT '产品/事项名称',
  `reg_no` varchar(255) COLLATE utf8mb4_unicode_ci DEFAULT NULL COMMENT '注册证号/登记号',
  `acceptance_no` varchar(255) COLLATE utf8mb4_unicode_ci DEFAULT NULL COMMENT '受理号',
  `owner_name` varchar(255) COLLATE utf8mb4_unicode_ci DEFAULT NULL COMMENT '所有者名称',
  `public_date` date DEFAULT NULL COMMENT '公示日期',
  `public_end_date` date DEFAULT NULL COMMENT '公示截止日期',
  `rare_disease_flag` tinyint NOT NULL DEFAULT '0' COMMENT '是否为罕见病药物',
  `source_file` varchar(255) COLLATE utf8mb4_unicode_ci DEFAULT NULL COMMENT '来源文件',
  `source_sheet` varchar(128) COLLATE utf8mb4_unicode_ci DEFAULT NULL COMMENT '来源工作表',
  `created_at` datetime NOT NULL DEFAULT CURRENT_TIMESTAMP COMMENT '创建时间',
  `updated_at` datetime NOT NULL DEFAULT CURRENT_TIMESTAMP ON UPDATE CURRENT_TIMESTAMP COMMENT '更新时间',
  PRIMARY KEY (`company_innovation_notice_id`),
  KEY `idx_company_innovation_notice_company_id` (`company_id`),
  KEY `idx_company_innovation_notice_type` (`notice_type`),
  KEY `idx_company_innovation_notice_public_date` (`public_date`),
  CONSTRAINT `fk_company_innovation_notice_company` FOREIGN KEY (`company_id`) REFERENCES `company_basic` (`company_id`),
  CONSTRAINT `chk_company_innovation_notice_rare_disease` CHECK ((`rare_disease_flag` in (0,1)))
) ENGINE=InnoDB DEFAULT CHARSET=utf8mb4 COLLATE=utf8mb4_unicode_ci COMMENT='企业创新性公示表';

DROP TABLE IF EXISTS `company_bidding`;
CREATE TABLE `company_bidding` (
  `company_bidding_id` bigint NOT NULL AUTO_INCREMENT COMMENT '企业招投标记录唯一标识',
  `company_id` bigint NOT NULL COMMENT '企业唯一标识',
  `bidding_title` varchar(255) COLLATE utf8mb4_unicode_ci DEFAULT NULL COMMENT '招投标项目名称',
  `bidding_role` varchar(64) COLLATE utf8mb4_unicode_ci DEFAULT NULL COMMENT '企业角色',
  `publish_date` date DEFAULT NULL COMMENT '发布日期',
  `bidding_amount` decimal(18,4) DEFAULT NULL COMMENT '招投标金额（万元）',
  PRIMARY KEY (`company_bidding_id`),
  KEY `idx_company_bidding_company_id` (`company_id`),
  CONSTRAINT `fk_company_bidding_company` FOREIGN KEY (`company_id`) REFERENCES `company_basic` (`company_id`)
) ENGINE=InnoDB DEFAULT CHARSET=utf8mb4 COLLATE=utf8mb4_unicode_ci COMMENT='企业招投标信息表';

DROP TABLE IF EXISTS `company_branch`;
CREATE TABLE `company_branch` (
  `company_branch_id` bigint NOT NULL AUTO_INCREMENT COMMENT '企业分支机构唯一标识',
  `company_id` bigint NOT NULL COMMENT '企业唯一标识',
  `company_branch_name` varchar(255) COLLATE utf8mb4_unicode_ci NOT NULL COMMENT '企业分支机构名称',
  `company_branch_address` varchar(255) COLLATE utf8mb4_unicode_ci DEFAULT NULL COMMENT '企业分支机构（注册）地址',
  `company_branch_status` tinyint DEFAULT NULL COMMENT '企业分支机构状态（存续、注销、吊销）',
  `company_branch_establish_date` date DEFAULT NULL COMMENT '企业分支机构成立日期',
  `company_branch_legal_representative` varchar(255) COLLATE utf8mb4_unicode_ci DEFAULT NULL COMMENT '企业分支机构法定代表人',
  `company_branch_business_scope` text COLLATE utf8mb4_unicode_ci COMMENT '企业分支机构经营范围',
  `company_branch_taxpayer_credit_rating` varchar(16) COLLATE utf8mb4_unicode_ci DEFAULT NULL COMMENT '企业分支机构纳税人信用等级',
  PRIMARY KEY (`company_branch_id`),
  UNIQUE KEY `uk_company_branch_name` (`company_id`,`company_branch_name`),
  KEY `idx_company_branch_company_id` (`company_id`),
  CONSTRAINT `fk_company_branch_company` FOREIGN KEY (`company_id`) REFERENCES `company_basic` (`company_id`)
) ENGINE=InnoDB DEFAULT CHARSET=utf8mb4 COLLATE=utf8mb4_unicode_ci COMMENT='企业分支机构表';

DROP TABLE IF EXISTS `company_change`;
CREATE TABLE `company_change` (
  `company_change_id` bigint NOT NULL AUTO_INCREMENT COMMENT '企业变更记录唯一标识',
  `company_id` bigint NOT NULL COMMENT '企业唯一标识',
  `change_item` varchar(255) COLLATE utf8mb4_unicode_ci NOT NULL COMMENT '变更事项',
  `before_change` text COLLATE utf8mb4_unicode_ci COMMENT '变更前内容',
  `after_change` text COLLATE utf8mb4_unicode_ci COMMENT '变更后内容',
  `change_date` date DEFAULT NULL COMMENT '变更日期',
  PRIMARY KEY (`company_change_id`),
  KEY `idx_company_change_company_id` (`company_id`),
  CONSTRAINT `fk_company_change_company` FOREIGN KEY (`company_id`) REFERENCES `company_basic` (`company_id`)
) ENGINE=InnoDB DEFAULT CHARSET=utf8mb4 COLLATE=utf8mb4_unicode_ci COMMENT='企业变更信息表';

DROP TABLE IF EXISTS `company_consumption_restriction`;
CREATE TABLE `company_consumption_restriction` (
  `company_consumption_restriction_id` bigint NOT NULL AUTO_INCREMENT COMMENT '限制高消费记录唯一标识',
  `company_id` bigint NOT NULL COMMENT '企业唯一标识',
  `case_no` varchar(255) COLLATE utf8mb4_unicode_ci DEFAULT NULL COMMENT '案号',
  `restricted_subject` varchar(255) COLLATE utf8mb4_unicode_ci DEFAULT NULL COMMENT '限制对象',
  `filing_date` date DEFAULT NULL COMMENT '立案日期',
  `publish_date` date DEFAULT NULL COMMENT '发布日期',
  PRIMARY KEY (`company_consumption_restriction_id`),
  KEY `idx_company_consumption_restriction_company_id` (`company_id`),
  CONSTRAINT `fk_company_consumption_restriction_company` FOREIGN KEY (`company_id`) REFERENCES `company_basic` (`company_id`)
) ENGINE=InnoDB DEFAULT CHARSET=utf8mb4 COLLATE=utf8mb4_unicode_ci COMMENT='限制高消费表';

DROP TABLE IF EXISTS `company_contact_info`;
CREATE TABLE `company_contact_info` (
  `company_contact_info_id` bigint NOT NULL AUTO_INCREMENT COMMENT '联系方式记录唯一标识',
  `company_id` bigint NOT NULL COMMENT '企业唯一标识',
  `contact_info` varchar(255) COLLATE utf8mb4_unicode_ci NOT NULL COMMENT '联系方式',
  `is_latest` tinyint NOT NULL DEFAULT '0' COMMENT '是否为最新记录',
  `captured_at` datetime DEFAULT NULL COMMENT '抓取/核准时间',
  PRIMARY KEY (`company_contact_info_id`),
  UNIQUE KEY `uk_company_contact_info` (`company_id`,`contact_info`),
  CONSTRAINT `fk_company_contact_info_company` FOREIGN KEY (`company_id`) REFERENCES `company_basic` (`company_id`),
  CONSTRAINT `chk_company_contact_info_is_latest` CHECK ((`is_latest` in (0,1)))
) ENGINE=InnoDB DEFAULT CHARSET=utf8mb4 COLLATE=utf8mb4_unicode_ci COMMENT='企业联系方式表';

DROP TABLE IF EXISTS `company_contact_phone`;
CREATE TABLE `company_contact_phone` (
  `company_contact_phone_id` bigint NOT NULL AUTO_INCREMENT COMMENT '联系电话记录唯一标识',
  `company_id` bigint NOT NULL COMMENT '企业唯一标识',
  `contact_phone` varchar(255) COLLATE utf8mb4_unicode_ci NOT NULL COMMENT '联系电话',
  `is_latest` tinyint NOT NULL DEFAULT '0' COMMENT '是否为最新记录',
  `captured_at` datetime DEFAULT NULL COMMENT '抓取/核准时间',
  PRIMARY KEY (`company_contact_phone_id`),
  UNIQUE KEY `uk_company_contact_phone` (`company_id`,`contact_phone`),
  CONSTRAINT `fk_company_contact_phone_company` FOREIGN KEY (`company_id`) REFERENCES `company_basic` (`company_id`),
  CONSTRAINT `chk_company_contact_phone_is_latest` CHECK ((`is_latest` in (0,1)))
) ENGINE=InnoDB DEFAULT CHARSET=utf8mb4 COLLATE=utf8mb4_unicode_ci COMMENT='企业联系电话表';

DROP TABLE IF EXISTS `company_customer`;
CREATE TABLE `company_customer` (
  `company_customer_id` bigint NOT NULL AUTO_INCREMENT COMMENT '企业客户记录唯一标识',
  `company_customer_name` varchar(255) COLLATE utf8mb4_unicode_ci NOT NULL COMMENT '企业客户名称',
  `company_id` bigint NOT NULL COMMENT '企业唯一标识',
  `customer_company_id` bigint DEFAULT NULL COMMENT '客户企业 ID',
  `company_customer_sales_amount` decimal(20,2) DEFAULT NULL COMMENT '企业客户销售金额（万元）',
  `company_customer_sales_ratio` decimal(5,2) DEFAULT NULL COMMENT '企业客户销售占比',
  `company_customer_report_date` date DEFAULT NULL COMMENT '报告时间',
  PRIMARY KEY (`company_customer_id`),
  KEY `idx_company_customer_company_id` (`company_id`),
  KEY `idx_company_customer_customer_company_id` (`customer_company_id`),
  CONSTRAINT `fk_company_customer_company` FOREIGN KEY (`company_id`) REFERENCES `company_basic` (`company_id`),
  CONSTRAINT `fk_company_customer_customer_company` FOREIGN KEY (`customer_company_id`) REFERENCES `company_basic` (`company_id`),
  CONSTRAINT `chk_company_customer_sales_ratio` CHECK (((`company_customer_sales_ratio` is null) or ((`company_customer_sales_ratio` >= 0) and (`company_customer_sales_ratio` <= 100))))
) ENGINE=InnoDB DEFAULT CHARSET=utf8mb4 COLLATE=utf8mb4_unicode_ci COMMENT='企业客户信息表';

DROP TABLE IF EXISTS `company_employee_count`;
CREATE TABLE `company_employee_count` (
  `company_employee_count_id` bigint NOT NULL AUTO_INCREMENT COMMENT '企业员工人数记录唯一标识',
  `company_id` bigint NOT NULL COMMENT '企业唯一标识',
  `stat_year` smallint NOT NULL COMMENT '统计年份',
  `employee_count` int NOT NULL COMMENT '员工人数',
  PRIMARY KEY (`company_employee_count_id`),
  UNIQUE KEY `uk_company_employee_count_year` (`company_id`,`stat_year`),
  CONSTRAINT `fk_company_employee_count_company` FOREIGN KEY (`company_id`) REFERENCES `company_basic` (`company_id`),
  CONSTRAINT `chk_company_employee_count_value` CHECK ((`employee_count` >= 0))
) ENGINE=InnoDB DEFAULT CHARSET=utf8mb4 COLLATE=utf8mb4_unicode_ci COMMENT='企业员工人数表';

DROP TABLE IF EXISTS `company_financing`;
CREATE TABLE `company_financing` (
  `company_financing_id` bigint NOT NULL AUTO_INCREMENT COMMENT '企业投融资记录唯一标识',
  `company_id` bigint NOT NULL COMMENT '企业唯一标识',
  `financing_round` varchar(255) COLLATE utf8mb4_unicode_ci NOT NULL COMMENT '投融资轮次',
  `verify_time` date DEFAULT NULL COMMENT '核准时间',
  `financing_amount` decimal(18,4) DEFAULT NULL COMMENT '融资金额（万元）',
  `investor_name` varchar(255) COLLATE utf8mb4_unicode_ci DEFAULT NULL COMMENT '投资方名称',
  `is_latest` tinyint NOT NULL DEFAULT '0' COMMENT '是否为最新记录',
  PRIMARY KEY (`company_financing_id`),
  KEY `idx_company_financing_company_id` (`company_id`),
  CONSTRAINT `fk_company_financing_company` FOREIGN KEY (`company_id`) REFERENCES `company_basic` (`company_id`),
  CONSTRAINT `chk_company_financing_is_latest` CHECK ((`is_latest` in (0,1)))
) ENGINE=InnoDB DEFAULT CHARSET=utf8mb4 COLLATE=utf8mb4_unicode_ci COMMENT='企业投融资轮次信息表';

DROP TABLE IF EXISTS `company_former_name`;
CREATE TABLE `company_former_name` (
  `company_former_name_id` bigint NOT NULL AUTO_INCREMENT COMMENT '企业曾用名记录唯一标识',
  `company_id` bigint NOT NULL COMMENT '企业唯一标识',
  `former_name` varchar(255) COLLATE utf8mb4_unicode_ci NOT NULL COMMENT '企业曾用名',
  `is_latest` tinyint NOT NULL DEFAULT '0' COMMENT '是否为最新记录',
  `effective_date` date DEFAULT NULL COMMENT '生效时间',
  `sort_order` int NOT NULL DEFAULT '0' COMMENT '排序序号',
  PRIMARY KEY (`company_former_name_id`),
  KEY `idx_company_former_name_company_id` (`company_id`),
  CONSTRAINT `fk_company_former_name_company` FOREIGN KEY (`company_id`) REFERENCES `company_basic` (`company_id`),
  CONSTRAINT `chk_company_former_name_is_latest` CHECK ((`is_latest` in (0,1))),
  CONSTRAINT `chk_company_former_name_sort_order` CHECK ((`sort_order` >= 0))
) ENGINE=InnoDB DEFAULT CHARSET=utf8mb4 COLLATE=utf8mb4_unicode_ci COMMENT='企业曾用名表';

DROP TABLE IF EXISTS `company_listing_status`;
CREATE TABLE `company_listing_status` (
  `company_listing_status_id` bigint NOT NULL AUTO_INCREMENT COMMENT '企业上市状态记录唯一标识',
  `company_id` bigint NOT NULL COMMENT '企业唯一标识',
  `listing_status` tinyint NOT NULL COMMENT '上市状态（2:终止上市，1:正常上市，0:未上市）',
  `stock_code` varchar(32) COLLATE utf8mb4_unicode_ci DEFAULT NULL COMMENT '股票代码',
  `market_name` varchar(255) COLLATE utf8mb4_unicode_ci DEFAULT NULL COMMENT '上市市场',
  `listed_at` date DEFAULT NULL COMMENT '上市日期',
  `delisted_at` date DEFAULT NULL COMMENT '终止上市日期',
  `is_latest` tinyint NOT NULL DEFAULT '1' COMMENT '是否为最新记录',
  PRIMARY KEY (`company_listing_status_id`),
  KEY `idx_company_listing_status_company_id` (`company_id`),
  CONSTRAINT `fk_company_listing_status_company` FOREIGN KEY (`company_id`) REFERENCES `company_basic` (`company_id`),
  CONSTRAINT `chk_company_listing_status_is_latest` CHECK ((`is_latest` in (0,1))),
  CONSTRAINT `chk_company_listing_status_status` CHECK ((`listing_status` in (0,1,2)))
) ENGINE=InnoDB DEFAULT CHARSET=utf8mb4 COLLATE=utf8mb4_unicode_ci COMMENT='企业上市状态表';

DROP TABLE IF EXISTS `company_patent`;
CREATE TABLE `company_patent` (
  `company_patent_id` bigint NOT NULL AUTO_INCREMENT COMMENT '专利唯一标识',
  `company_patent_number` varchar(255) COLLATE utf8mb4_unicode_ci NOT NULL COMMENT '专利号',
  `company_patent_name` varchar(255) COLLATE utf8mb4_unicode_ci NOT NULL COMMENT '专利名称',
  `company_id` bigint NOT NULL COMMENT '企业唯一标识',
  `application_date` date DEFAULT NULL COMMENT '专利申请日期',
  `auth_date` date DEFAULT NULL COMMENT '专利授权日期',
  `tech_attribute_label` varchar(255) COLLATE utf8mb4_unicode_ci DEFAULT NULL COMMENT '科技属性标签',
  `sort_order` int NOT NULL DEFAULT '0' COMMENT '排序序号',
  PRIMARY KEY (`company_patent_id`),
  UNIQUE KEY `uk_company_patent_number` (`company_patent_number`),
  KEY `idx_company_patent_company_id` (`company_id`),
  CONSTRAINT `fk_company_patent_company` FOREIGN KEY (`company_id`) REFERENCES `company_basic` (`company_id`),
  CONSTRAINT `chk_company_patent_sort_order` CHECK ((`sort_order` >= 0))
) ENGINE=InnoDB DEFAULT CHARSET=utf8mb4 COLLATE=utf8mb4_unicode_ci COMMENT='企业专利表';

DROP TABLE IF EXISTS `company_patent_company_map`;
CREATE TABLE `company_patent_company_map` (
  `company_patent_company_map_id` bigint NOT NULL AUTO_INCREMENT COMMENT '映射唯一标识',
  `company_patent_id` bigint NOT NULL COMMENT '专利唯一标识',
  `company_id` bigint NOT NULL COMMENT '企业唯一标识',
  PRIMARY KEY (`company_patent_company_map_id`),
  UNIQUE KEY `uk_company_patent_company_map` (`company_patent_id`,`company_id`),
  KEY `idx_company_patent_company_map_company_id` (`company_id`),
  CONSTRAINT `fk_company_patent_company_map_company` FOREIGN KEY (`company_id`) REFERENCES `company_basic` (`company_id`),
  CONSTRAINT `fk_company_patent_company_map_patent` FOREIGN KEY (`company_patent_id`) REFERENCES `company_patent` (`company_patent_id`)
) ENGINE=InnoDB DEFAULT CHARSET=utf8mb4 COLLATE=utf8mb4_unicode_ci COMMENT='企业与专利映射表';

DROP TABLE IF EXISTS `company_patent_patent_type_map`;
CREATE TABLE `company_patent_patent_type_map` (
  `company_patent_patent_type_id` bigint NOT NULL AUTO_INCREMENT COMMENT '映射唯一标识',
  `company_patent_id` bigint NOT NULL COMMENT '专利唯一标识',
  `company_patent_type_id` bigint NOT NULL COMMENT '专利类型唯一标识',
  PRIMARY KEY (`company_patent_patent_type_id`),
  UNIQUE KEY `uk_company_patent_type_map` (`company_patent_id`,`company_patent_type_id`),
  KEY `fk_company_patent_type_map_type` (`company_patent_type_id`),
  CONSTRAINT `fk_company_patent_type_map_patent` FOREIGN KEY (`company_patent_id`) REFERENCES `company_patent` (`company_patent_id`),
  CONSTRAINT `fk_company_patent_type_map_type` FOREIGN KEY (`company_patent_type_id`) REFERENCES `company_patent_type` (`company_patent_type_id`)
) ENGINE=InnoDB DEFAULT CHARSET=utf8mb4 COLLATE=utf8mb4_unicode_ci COMMENT='企业专利与专利类型映射表';

DROP TABLE IF EXISTS `company_patent_type`;
CREATE TABLE `company_patent_type` (
  `company_patent_type_id` bigint NOT NULL AUTO_INCREMENT COMMENT '专利类型唯一标识',
  `company_patent_type_name` varchar(255) COLLATE utf8mb4_unicode_ci NOT NULL COMMENT '专利类型名称',
  PRIMARY KEY (`company_patent_type_id`),
  UNIQUE KEY `uk_company_patent_type_name` (`company_patent_type_name`)
) ENGINE=InnoDB DEFAULT CHARSET=utf8mb4 COLLATE=utf8mb4_unicode_ci COMMENT='专利类型表';

DROP TABLE IF EXISTS `company_qualification`;
CREATE TABLE `company_qualification` (
  `company_qualification_id` bigint NOT NULL AUTO_INCREMENT COMMENT '企业资质记录唯一标识',
  `company_id` bigint NOT NULL COMMENT '企业唯一标识',
  `qualification_name` varchar(255) COLLATE utf8mb4_unicode_ci NOT NULL COMMENT '企业资质/科技属性名称',
  `qualification_level` tinyint DEFAULT NULL COMMENT '资质等级',
  `qualification_type` varchar(255) COLLATE utf8mb4_unicode_ci DEFAULT NULL COMMENT '资质类型',
  `issued_at` date DEFAULT NULL COMMENT '认定日期',
  `expires_at` date DEFAULT NULL COMMENT '失效日期',
  `is_latest` tinyint NOT NULL DEFAULT '0' COMMENT '是否为最新记录',
  PRIMARY KEY (`company_qualification_id`),
  KEY `idx_company_qualification_company_id` (`company_id`),
  CONSTRAINT `fk_company_qualification_company` FOREIGN KEY (`company_id`) REFERENCES `company_basic` (`company_id`),
  CONSTRAINT `chk_company_qualification_is_latest` CHECK ((`is_latest` in (0,1)))
) ENGINE=InnoDB DEFAULT CHARSET=utf8mb4 COLLATE=utf8mb4_unicode_ci COMMENT='企业资质表';

DROP TABLE IF EXISTS `company_ranking`;
CREATE TABLE `company_ranking` (
  `company_ranking_id` bigint NOT NULL AUTO_INCREMENT COMMENT '企业榜单唯一标识',
  `company_ranking_name` varchar(255) COLLATE utf8mb4_unicode_ci NOT NULL COMMENT '企业榜单名称',
  `company_id` bigint NOT NULL COMMENT '企业唯一标识',
  `company_ranking_type` varchar(255) COLLATE utf8mb4_unicode_ci DEFAULT NULL COMMENT '企业榜单类型',
  `company_ranking_source` varchar(255) COLLATE utf8mb4_unicode_ci DEFAULT NULL COMMENT '企业榜单来源',
  `company_ranking_position` int DEFAULT NULL COMMENT '榜内位置（数字）',
  `company_ranking_alias` varchar(255) COLLATE utf8mb4_unicode_ci DEFAULT NULL COMMENT '榜内名称',
  `company_ranking_publish_year` int DEFAULT NULL COMMENT '榜单发布年份',
  PRIMARY KEY (`company_ranking_id`),
  KEY `idx_company_ranking_company_id` (`company_id`),
  CONSTRAINT `fk_company_ranking_company` FOREIGN KEY (`company_id`) REFERENCES `company_basic` (`company_id`)
) ENGINE=InnoDB DEFAULT CHARSET=utf8mb4 COLLATE=utf8mb4_unicode_ci COMMENT='企业榜单表';

DROP TABLE IF EXISTS `company_recommended_phone`;
CREATE TABLE `company_recommended_phone` (
  `company_recommended_phone_id` bigint NOT NULL AUTO_INCREMENT COMMENT '推荐电话记录唯一标识',
  `company_id` bigint NOT NULL COMMENT '企业唯一标识',
  `recommended_phone` varchar(255) COLLATE utf8mb4_unicode_ci NOT NULL COMMENT '推荐电话',
  `is_latest` tinyint NOT NULL DEFAULT '0' COMMENT '是否为最新记录',
  `captured_at` datetime DEFAULT NULL COMMENT '抓取/核准时间',
  PRIMARY KEY (`company_recommended_phone_id`),
  UNIQUE KEY `uk_company_recommended_phone` (`company_id`,`recommended_phone`),
  CONSTRAINT `fk_company_recommended_phone_company` FOREIGN KEY (`company_id`) REFERENCES `company_basic` (`company_id`),
  CONSTRAINT `chk_company_recommended_phone_is_latest` CHECK ((`is_latest` in (0,1)))
) ENGINE=InnoDB DEFAULT CHARSET=utf8mb4 COLLATE=utf8mb4_unicode_ci COMMENT='企业推荐电话表';

DROP TABLE IF EXISTS `company_recruit`;
CREATE TABLE `company_recruit` (
  `company_recruit_id` bigint NOT NULL AUTO_INCREMENT COMMENT '企业招聘记录唯一标识',
  `company_recruit_position` varchar(255) COLLATE utf8mb4_unicode_ci NOT NULL COMMENT '企业招聘岗位',
  `company_id` bigint NOT NULL COMMENT '企业唯一标识',
  `company_recruit_salary` varchar(255) COLLATE utf8mb4_unicode_ci DEFAULT NULL COMMENT '企业招聘薪资',
  `company_recruit_work_year_req` varchar(255) COLLATE utf8mb4_unicode_ci DEFAULT NULL COMMENT '企业招聘工作年限要求',
  `company_recruit_work_place` varchar(255) COLLATE utf8mb4_unicode_ci DEFAULT NULL COMMENT '企业招聘工作地点',
  `company_recruit_edu_req` varchar(255) COLLATE utf8mb4_unicode_ci DEFAULT NULL COMMENT '企业招聘学历要求',
  `company_recruit_time` date DEFAULT NULL COMMENT '企业招聘时间',
  PRIMARY KEY (`company_recruit_id`),
  KEY `idx_company_recruit_company_id` (`company_id`),
  CONSTRAINT `fk_company_recruit_company` FOREIGN KEY (`company_id`) REFERENCES `company_basic` (`company_id`)
) ENGINE=InnoDB DEFAULT CHARSET=utf8mb4 COLLATE=utf8mb4_unicode_ci COMMENT='企业招聘信息表';

DROP TABLE IF EXISTS `company_risk`;
CREATE TABLE `company_risk` (
  `company_risk_category_id` bigint NOT NULL AUTO_INCREMENT COMMENT '企业风险种类唯一标识',
  `company_id` bigint NOT NULL COMMENT '企业唯一标识',
  `company_risk_category_name` varchar(255) COLLATE utf8mb4_unicode_ci NOT NULL COMMENT '企业风险种类名称',
  `company_risk_category_count` int NOT NULL DEFAULT '0' COMMENT '企业风险数量',
  PRIMARY KEY (`company_risk_category_id`),
  UNIQUE KEY `uk_company_risk_name` (`company_id`,`company_risk_category_name`),
  CONSTRAINT `fk_company_risk_company` FOREIGN KEY (`company_id`) REFERENCES `company_basic` (`company_id`),
  CONSTRAINT `chk_company_risk_count` CHECK ((`company_risk_category_count` >= 0))
) ENGINE=InnoDB DEFAULT CHARSET=utf8mb4 COLLATE=utf8mb4_unicode_ci COMMENT='企业风险统计表';

DROP TABLE IF EXISTS `company_shareholder`;
CREATE TABLE `company_shareholder` (
  `company_shareholder_id` bigint NOT NULL AUTO_INCREMENT COMMENT '企业股东记录唯一标识',
  `company_id` bigint NOT NULL COMMENT '企业唯一标识',
  `shareholder_name` varchar(255) COLLATE utf8mb4_unicode_ci NOT NULL COMMENT '股东名称',
  `shareholder_type` varchar(64) COLLATE utf8mb4_unicode_ci DEFAULT NULL COMMENT '股东类型',
  `holding_ratio` decimal(5,2) DEFAULT NULL COMMENT '持股比例',
  `subscribed_amount` decimal(18,4) DEFAULT NULL COMMENT '认缴出资额（万元）',
  `paid_amount` decimal(18,4) DEFAULT NULL COMMENT '实缴出资额（万元）',
  `is_latest` tinyint NOT NULL DEFAULT '0' COMMENT '是否为最新记录',
  `captured_at` datetime DEFAULT NULL COMMENT '抓取/核准时间',
  PRIMARY KEY (`company_shareholder_id`),
  KEY `idx_company_shareholder_company_id` (`company_id`),
  CONSTRAINT `fk_company_shareholder_company` FOREIGN KEY (`company_id`) REFERENCES `company_basic` (`company_id`),
  CONSTRAINT `chk_company_shareholder_is_latest` CHECK ((`is_latest` in (0,1))),
  CONSTRAINT `chk_company_shareholder_ratio` CHECK (((`holding_ratio` is null) or ((`holding_ratio` >= 0) and (`holding_ratio` <= 100))))
) ENGINE=InnoDB DEFAULT CHARSET=utf8mb4 COLLATE=utf8mb4_unicode_ci COMMENT='企业股东信息表';

DROP TABLE IF EXISTS `company_software_copyright`;
CREATE TABLE `company_software_copyright` (
  `company_software_copyright_id` bigint NOT NULL AUTO_INCREMENT COMMENT '软件著作唯一标识',
  `company_software_copyright_name` varchar(255) COLLATE utf8mb4_unicode_ci NOT NULL COMMENT '软件著作名称',
  `company_id` bigint NOT NULL COMMENT '企业唯一标识',
  `company_software_copyright_register_number` varchar(255) COLLATE utf8mb4_unicode_ci NOT NULL COMMENT '软件著作登记号',
  `company_software_copyright_register_date` date DEFAULT NULL COMMENT '软件著作登记批准日期',
  `company_software_copyright_for_short` varchar(255) COLLATE utf8mb4_unicode_ci DEFAULT NULL COMMENT '软件著作简称',
  `company_software_copyright_status` varchar(255) COLLATE utf8mb4_unicode_ci DEFAULT NULL COMMENT '软件著作状态',
  `company_software_copyright_obtain` varchar(255) COLLATE utf8mb4_unicode_ci DEFAULT NULL COMMENT '软件著作取得方式',
  PRIMARY KEY (`company_software_copyright_id`),
  UNIQUE KEY `uk_company_software_copyright_register_number` (`company_software_copyright_register_number`),
  KEY `idx_company_software_copyright_company_id` (`company_id`),
  CONSTRAINT `fk_company_software_copyright_company` FOREIGN KEY (`company_id`) REFERENCES `company_basic` (`company_id`)
) ENGINE=InnoDB DEFAULT CHARSET=utf8mb4 COLLATE=utf8mb4_unicode_ci COMMENT='企业软件著作权表';

DROP TABLE IF EXISTS `company_subdistrict`;
CREATE TABLE `company_subdistrict` (
  `company_subdistrict_id` bigint NOT NULL AUTO_INCREMENT COMMENT '街道/地区 ID',
  `company_subdistrict_name` varchar(255) COLLATE utf8mb4_unicode_ci NOT NULL COMMENT '街道/地区名称',
  `company_id` bigint NOT NULL COMMENT '企业唯一标识',
  PRIMARY KEY (`company_subdistrict_id`),
  UNIQUE KEY `uk_company_subdistrict` (`company_id`,`company_subdistrict_name`),
  CONSTRAINT `fk_company_subdistrict_company` FOREIGN KEY (`company_id`) REFERENCES `company_basic` (`company_id`)
) ENGINE=InnoDB DEFAULT CHARSET=utf8mb4 COLLATE=utf8mb4_unicode_ci COMMENT='企业街道/地区映射表';

DROP TABLE IF EXISTS `company_supplier`;
CREATE TABLE `company_supplier` (
  `company_supplier_id` bigint NOT NULL AUTO_INCREMENT COMMENT '企业供应商记录唯一标识',
  `company_supplier_name` varchar(255) COLLATE utf8mb4_unicode_ci NOT NULL COMMENT '企业供应商名称',
  `company_id` bigint NOT NULL COMMENT '企业唯一标识',
  `supplier_company_id` bigint DEFAULT NULL COMMENT '供应商企业 ID',
  `company_supplier_purchase_amount` decimal(20,2) DEFAULT NULL COMMENT '企业供应商采购金额（万元）',
  `company_supplier_purchase_ratio` decimal(5,2) DEFAULT NULL COMMENT '企业供应商采购占比',
  `company_supplier_report_date` date DEFAULT NULL COMMENT '报告时间',
  PRIMARY KEY (`company_supplier_id`),
  KEY `idx_company_supplier_company_id` (`company_id`),
  KEY `idx_company_supplier_supplier_company_id` (`supplier_company_id`),
  CONSTRAINT `fk_company_supplier_company` FOREIGN KEY (`company_id`) REFERENCES `company_basic` (`company_id`),
  CONSTRAINT `fk_company_supplier_supplier_company` FOREIGN KEY (`supplier_company_id`) REFERENCES `company_basic` (`company_id`),
  CONSTRAINT `chk_company_supplier_purchase_ratio` CHECK (((`company_supplier_purchase_ratio` is null) or ((`company_supplier_purchase_ratio` >= 0) and (`company_supplier_purchase_ratio` <= 100))))
) ENGINE=InnoDB DEFAULT CHARSET=utf8mb4 COLLATE=utf8mb4_unicode_ci COMMENT='企业供应商信息表';

DROP TABLE IF EXISTS `company_tag_auto_rule`;
CREATE TABLE `company_tag_auto_rule` (
  `company_tag_auto_rule_id` bigint NOT NULL AUTO_INCREMENT COMMENT '打标规则唯一标识',
  `company_tag_id` bigint NOT NULL COMMENT '企业标签唯一标识',
  `company_tag_auto_rule_type` varchar(255) COLLATE utf8mb4_unicode_ci NOT NULL COMMENT '打标规则类型',
  `rule_definition` json DEFAULT NULL COMMENT '规则定义 JSON',
  `is_enabled` tinyint NOT NULL DEFAULT '1' COMMENT '是否启用规则',
  PRIMARY KEY (`company_tag_auto_rule_id`),
  KEY `idx_company_tag_auto_rule_tag_id` (`company_tag_id`),
  CONSTRAINT `fk_company_tag_auto_rule_tag` FOREIGN KEY (`company_tag_id`) REFERENCES `company_tag_library` (`company_tag_id`),
  CONSTRAINT `chk_company_tag_auto_rule_enabled` CHECK ((`is_enabled` in (0,1)))
) ENGINE=InnoDB DEFAULT CHARSET=utf8mb4 COLLATE=utf8mb4_unicode_ci COMMENT='企业标签自动打标规则表';

DROP TABLE IF EXISTS `company_tag_batch`;
CREATE TABLE `company_tag_batch` (
  `company_tag_batch_id` bigint NOT NULL AUTO_INCREMENT COMMENT '企业标签批次唯一标识',
  `batch_code` varchar(64) COLLATE utf8mb4_unicode_ci NOT NULL COMMENT '批次编码',
  `batch_name` varchar(255) COLLATE utf8mb4_unicode_ci DEFAULT NULL COMMENT '批次名称',
  `status` varchar(32) COLLATE utf8mb4_unicode_ci NOT NULL DEFAULT 'pending' COMMENT '批次状态（pending/running/completed/failed）',
  `requested_by_user_id` bigint DEFAULT NULL COMMENT '发起用户 ID',
  `dimension_ids` json DEFAULT NULL COMMENT '本批次选择的标签维度 ID 列表',
  `dimension_names` json DEFAULT NULL COMMENT '本批次选择的标签维度名称列表',
  `requested_company_count` int NOT NULL DEFAULT '0' COMMENT '本批次请求企业数',
  `success_company_count` int NOT NULL DEFAULT '0' COMMENT '成功企业数',
  `failed_company_count` int NOT NULL DEFAULT '0' COMMENT '失败企业数',
  `summary_json` json DEFAULT NULL COMMENT '批次执行摘要',
  `error_message` text COLLATE utf8mb4_unicode_ci COMMENT '批次错误信息',
  `started_at` datetime DEFAULT NULL COMMENT '开始时间',
  `finished_at` datetime DEFAULT NULL COMMENT '结束时间',
  `created_at` datetime NOT NULL DEFAULT CURRENT_TIMESTAMP COMMENT '创建时间',
  `updated_at` datetime NOT NULL DEFAULT CURRENT_TIMESTAMP ON UPDATE CURRENT_TIMESTAMP COMMENT '更新时间',
  PRIMARY KEY (`company_tag_batch_id`),
  UNIQUE KEY `uk_company_tag_batch_code` (`batch_code`),
  KEY `idx_company_tag_batch_status_created` (`status`,`created_at`),
  KEY `idx_company_tag_batch_user_created` (`requested_by_user_id`,`created_at`)
) ENGINE=InnoDB DEFAULT CHARSET=utf8mb4 COLLATE=utf8mb4_unicode_ci COMMENT='企业标签批次表';

DROP TABLE IF EXISTS `company_tag_batch_item`;
CREATE TABLE `company_tag_batch_item` (
  `company_tag_batch_item_id` bigint NOT NULL AUTO_INCREMENT COMMENT '企业标签批次明细唯一标识',
  `company_tag_batch_id` bigint NOT NULL COMMENT '企业标签批次唯一标识',
  `company_id` bigint NOT NULL COMMENT '企业唯一标识',
  `status` varchar(32) COLLATE utf8mb4_unicode_ci NOT NULL DEFAULT 'pending' COMMENT '明细状态（pending/success/failed）',
  `tag_count` int NOT NULL DEFAULT '0' COMMENT '本次命中标签数',
  `result_json` json DEFAULT NULL COMMENT '明细执行结果',
  `error_message` text COLLATE utf8mb4_unicode_ci COMMENT '明细错误信息',
  `started_at` datetime DEFAULT NULL COMMENT '开始时间',
  `finished_at` datetime DEFAULT NULL COMMENT '结束时间',
  `created_at` datetime NOT NULL DEFAULT CURRENT_TIMESTAMP COMMENT '创建时间',
  `updated_at` datetime NOT NULL DEFAULT CURRENT_TIMESTAMP ON UPDATE CURRENT_TIMESTAMP COMMENT '更新时间',
  PRIMARY KEY (`company_tag_batch_item_id`),
  UNIQUE KEY `uk_company_tag_batch_item` (`company_tag_batch_id`,`company_id`),
  KEY `idx_company_tag_batch_item_company` (`company_id`),
  KEY `idx_company_tag_batch_item_status` (`status`),
  CONSTRAINT `fk_company_tag_batch_item_batch` FOREIGN KEY (`company_tag_batch_id`) REFERENCES `company_tag_batch` (`company_tag_batch_id`) ON DELETE CASCADE,
  CONSTRAINT `fk_company_tag_batch_item_company` FOREIGN KEY (`company_id`) REFERENCES `company_basic` (`company_id`)
) ENGINE=InnoDB DEFAULT CHARSET=utf8mb4 COLLATE=utf8mb4_unicode_ci COMMENT='企业标签批次明细表';

DROP TABLE IF EXISTS `company_tag_dimension`;
CREATE TABLE `company_tag_dimension` (
  `company_tag_dimension_id` bigint NOT NULL AUTO_INCREMENT COMMENT '企业标签维度唯一标识',
  `company_tag_dimension_name` varchar(255) COLLATE utf8mb4_unicode_ci NOT NULL COMMENT '企业标签维度名称',
  `company_tag_dimension_color` varchar(255) COLLATE utf8mb4_unicode_ci DEFAULT NULL COMMENT '增强前端表现力',
  `company_tag_dimension_icon` varchar(255) COLLATE utf8mb4_unicode_ci DEFAULT NULL COMMENT '维度图标',
  `company_tag_dimension_des` varchar(255) COLLATE utf8mb4_unicode_ci DEFAULT NULL COMMENT '维度描述',
  `sort_order` int NOT NULL DEFAULT '0' COMMENT '排序序号',
  PRIMARY KEY (`company_tag_dimension_id`),
  UNIQUE KEY `uk_company_tag_dimension_name` (`company_tag_dimension_name`),
  CONSTRAINT `chk_company_tag_dimension_sort_order` CHECK ((`sort_order` >= 0))
) ENGINE=InnoDB DEFAULT CHARSET=utf8mb4 COLLATE=utf8mb4_unicode_ci COMMENT='企业标签维度表';

DROP TABLE IF EXISTS `company_tag_dimension_library_map`;
CREATE TABLE `company_tag_dimension_library_map` (
  `company_tag_dimension_library_map_id` bigint NOT NULL AUTO_INCREMENT COMMENT '标签维度与标签库映射唯一标识',
  `company_tag_dimension_id` bigint NOT NULL COMMENT '企业标签维度唯一标识',
  `company_tag_id` bigint NOT NULL COMMENT '企业标签唯一标识',
  PRIMARY KEY (`company_tag_dimension_library_map_id`),
  UNIQUE KEY `uk_company_tag_dimension_library_map` (`company_tag_dimension_id`,`company_tag_id`),
  KEY `fk_company_tag_dimension_library_map_tag` (`company_tag_id`),
  CONSTRAINT `fk_company_tag_dimension_library_map_dimension` FOREIGN KEY (`company_tag_dimension_id`) REFERENCES `company_tag_dimension` (`company_tag_dimension_id`),
  CONSTRAINT `fk_company_tag_dimension_library_map_tag` FOREIGN KEY (`company_tag_id`) REFERENCES `company_tag_library` (`company_tag_id`)
) ENGINE=InnoDB DEFAULT CHARSET=utf8mb4 COLLATE=utf8mb4_unicode_ci COMMENT='企业标签维度与标签库映射表';

DROP TABLE IF EXISTS `company_tag_library`;
CREATE TABLE `company_tag_library` (
  `company_tag_id` bigint NOT NULL AUTO_INCREMENT COMMENT '企业标签唯一标识',
  `company_tag_name` varchar(255) COLLATE utf8mb4_unicode_ci NOT NULL COMMENT '企业标签名称',
  `company_tag_subdimension_id` bigint DEFAULT NULL COMMENT '企业标签子维度唯一标识',
  `company_tag_level` tinyint DEFAULT NULL COMMENT '企业标签等级（国家级、省级、市级）',
  `sort_order` int NOT NULL DEFAULT '0' COMMENT '排序序号',
  PRIMARY KEY (`company_tag_id`),
  UNIQUE KEY `uk_company_tag_library_name` (`company_tag_name`),
  KEY `idx_company_tag_library_subdimension` (`company_tag_subdimension_id`),
  CONSTRAINT `fk_company_tag_library_subdimension` FOREIGN KEY (`company_tag_subdimension_id`) REFERENCES `company_tag_subdimension` (`company_tag_subdimension_id`),
  CONSTRAINT `chk_company_tag_library_sort_order` CHECK ((`sort_order` >= 0))
) ENGINE=InnoDB DEFAULT CHARSET=utf8mb4 COLLATE=utf8mb4_unicode_ci COMMENT='企业标签库表';

DROP TABLE IF EXISTS `company_tag_llm_batch`;
CREATE TABLE `company_tag_llm_batch` (
  `company_tag_llm_batch_id` bigint NOT NULL AUTO_INCREMENT COMMENT '企业标签 LLM 候选批次唯一标识',
  `batch_code` varchar(64) COLLATE utf8mb4_unicode_ci NOT NULL COMMENT 'LLM 批次编码',
  `batch_name` varchar(255) COLLATE utf8mb4_unicode_ci DEFAULT NULL COMMENT '批次名称',
  `status` varchar(32) COLLATE utf8mb4_unicode_ci NOT NULL DEFAULT 'pending' COMMENT '批次状态（pending/running/completed/failed）',
  `provider` varchar(64) COLLATE utf8mb4_unicode_ci NOT NULL DEFAULT 'agent_chat' COMMENT '候选生成服务提供方',
  `model_name` varchar(128) COLLATE utf8mb4_unicode_ci DEFAULT NULL COMMENT '模型名称',
  `company_tag_dimension_id` bigint NOT NULL COMMENT '对应的标签维度，当前固定为应用场景',
  `requested_by_user_id` bigint DEFAULT NULL COMMENT '发起用户 ID',
  `requested_company_count` int NOT NULL DEFAULT '0' COMMENT '请求企业数',
  `success_company_count` int NOT NULL DEFAULT '0' COMMENT '成功生成候选的企业数',
  `failed_company_count` int NOT NULL DEFAULT '0' COMMENT '生成失败企业数',
  `summary_json` json DEFAULT NULL COMMENT '候选生成摘要',
  `error_message` text COLLATE utf8mb4_unicode_ci COMMENT '批次错误信息',
  `started_at` datetime DEFAULT NULL COMMENT '开始时间',
  `finished_at` datetime DEFAULT NULL COMMENT '结束时间',
  `created_at` datetime NOT NULL DEFAULT CURRENT_TIMESTAMP COMMENT '创建时间',
  `updated_at` datetime NOT NULL DEFAULT CURRENT_TIMESTAMP ON UPDATE CURRENT_TIMESTAMP COMMENT '更新时间',
  PRIMARY KEY (`company_tag_llm_batch_id`),
  UNIQUE KEY `uk_company_tag_llm_batch_code` (`batch_code`),
  KEY `idx_company_tag_llm_batch_status_created` (`status`,`created_at`),
  KEY `fk_company_tag_llm_batch_dimension` (`company_tag_dimension_id`),
  CONSTRAINT `fk_company_tag_llm_batch_dimension` FOREIGN KEY (`company_tag_dimension_id`) REFERENCES `company_tag_dimension` (`company_tag_dimension_id`)
) ENGINE=InnoDB DEFAULT CHARSET=utf8mb4 COLLATE=utf8mb4_unicode_ci COMMENT='企业标签 LLM 候选批次表';

DROP TABLE IF EXISTS `company_tag_llm_candidate`;
CREATE TABLE `company_tag_llm_candidate` (
  `company_tag_llm_candidate_id` bigint NOT NULL AUTO_INCREMENT COMMENT '企业标签 LLM 候选唯一标识',
  `company_tag_llm_batch_id` bigint NOT NULL COMMENT '所属 LLM 候选批次',
  `company_id` bigint NOT NULL COMMENT '企业唯一标识',
  `company_tag_id` bigint DEFAULT NULL COMMENT '映射到正式标签库的标签 ID，可为空',
  `candidate_type` varchar(32) COLLATE utf8mb4_unicode_ci NOT NULL COMMENT '候选类型（mapped_tag/unmapped_term）',
  `candidate_name` varchar(255) COLLATE utf8mb4_unicode_ci NOT NULL COMMENT '候选标签名称或候选短语',
  `normalized_name` varchar(255) COLLATE utf8mb4_unicode_ci DEFAULT NULL COMMENT '归一化后的标签名称',
  `status` varchar(32) COLLATE utf8mb4_unicode_ci NOT NULL DEFAULT 'pending' COMMENT '候选状态（pending/unmapped/applied/rejected）',
  `confidence` decimal(3,2) DEFAULT NULL COMMENT '候选置信度',
  `reason_text` text COLLATE utf8mb4_unicode_ci COMMENT '候选生成原因',
  `evidence_json` json DEFAULT NULL COMMENT '候选生成证据快照',
  `prompt_text` mediumtext COLLATE utf8mb4_unicode_ci COMMENT '发送给模型的提示词',
  `raw_response` mediumtext COLLATE utf8mb4_unicode_ci COMMENT '模型原始响应',
  `response_json` json DEFAULT NULL COMMENT '解析后的响应 JSON',
  `created_by_user_id` bigint DEFAULT NULL COMMENT '发起用户 ID',
  `reviewed_by_user_id` bigint DEFAULT NULL COMMENT '审核用户 ID',
  `reviewed_at` datetime DEFAULT NULL COMMENT '审核时间',
  `applied_at` datetime DEFAULT NULL COMMENT '采纳落库时间',
  `created_at` datetime NOT NULL DEFAULT CURRENT_TIMESTAMP COMMENT '创建时间',
  `updated_at` datetime NOT NULL DEFAULT CURRENT_TIMESTAMP ON UPDATE CURRENT_TIMESTAMP COMMENT '更新时间',
  PRIMARY KEY (`company_tag_llm_candidate_id`),
  UNIQUE KEY `uk_company_tag_llm_candidate_batch_name` (`company_tag_llm_batch_id`,`company_id`,`candidate_type`,`candidate_name`),
  KEY `idx_company_tag_llm_candidate_company_status` (`company_id`,`status`),
  KEY `idx_company_tag_llm_candidate_tag_id` (`company_tag_id`),
  CONSTRAINT `fk_company_tag_llm_candidate_batch` FOREIGN KEY (`company_tag_llm_batch_id`) REFERENCES `company_tag_llm_batch` (`company_tag_llm_batch_id`) ON DELETE CASCADE,
  CONSTRAINT `fk_company_tag_llm_candidate_company` FOREIGN KEY (`company_id`) REFERENCES `company_basic` (`company_id`),
  CONSTRAINT `fk_company_tag_llm_candidate_tag` FOREIGN KEY (`company_tag_id`) REFERENCES `company_tag_library` (`company_tag_id`)
) ENGINE=InnoDB DEFAULT CHARSET=utf8mb4 COLLATE=utf8mb4_unicode_ci COMMENT='企业标签 LLM 场景候选表';

DROP TABLE IF EXISTS `company_tag_map`;
CREATE TABLE `company_tag_map` (
  `company_tag_map_id` bigint NOT NULL AUTO_INCREMENT COMMENT '企业标签映射唯一标识',
  `company_id` bigint NOT NULL COMMENT '企业唯一标识',
  `company_tag_id` bigint NOT NULL COMMENT '企业标签唯一标识',
  `source` tinyint DEFAULT NULL COMMENT '打标来源（1:手动，2:自动）',
  `confidence` decimal(3,2) DEFAULT NULL COMMENT '置信度',
  `create_time` datetime NOT NULL DEFAULT CURRENT_TIMESTAMP COMMENT '打标时间',
  `user_id` bigint DEFAULT NULL COMMENT '打标人',
  PRIMARY KEY (`company_tag_map_id`),
  UNIQUE KEY `uk_company_tag_map` (`company_id`,`company_tag_id`),
  KEY `idx_company_tag_map_tag_id` (`company_tag_id`),
  CONSTRAINT `fk_company_tag_map_company` FOREIGN KEY (`company_id`) REFERENCES `company_basic` (`company_id`),
  CONSTRAINT `fk_company_tag_map_tag` FOREIGN KEY (`company_tag_id`) REFERENCES `company_tag_library` (`company_tag_id`),
  CONSTRAINT `chk_company_tag_map_confidence` CHECK (((`confidence` is null) or ((`confidence` >= 0) and (`confidence` <= 1)))),
  CONSTRAINT `chk_company_tag_map_source` CHECK (((`source` is null) or (`source` in (1,2))))
) ENGINE=InnoDB DEFAULT CHARSET=utf8mb4 COLLATE=utf8mb4_unicode_ci COMMENT='企业标签映射表';

DROP TABLE IF EXISTS `company_tag_subdimension`;
CREATE TABLE `company_tag_subdimension` (
  `company_tag_subdimension_id` bigint NOT NULL AUTO_INCREMENT COMMENT '企业标签子维度唯一标识',
  `company_tag_subdimension_name` varchar(255) COLLATE utf8mb4_unicode_ci NOT NULL COMMENT '企业标签子维度名称',
  `company_tag_dimension_id` bigint NOT NULL COMMENT '企业标签维度唯一标识',
  `sort_order` int NOT NULL DEFAULT '0' COMMENT '排序序号',
  PRIMARY KEY (`company_tag_subdimension_id`),
  UNIQUE KEY `uk_company_tag_subdimension_name` (`company_tag_dimension_id`,`company_tag_subdimension_name`),
  CONSTRAINT `fk_company_tag_subdimension_dimension` FOREIGN KEY (`company_tag_dimension_id`) REFERENCES `company_tag_dimension` (`company_tag_dimension_id`),
  CONSTRAINT `chk_company_tag_subdimension_sort_order` CHECK ((`sort_order` >= 0))
) ENGINE=InnoDB DEFAULT CHARSET=utf8mb4 COLLATE=utf8mb4_unicode_ci COMMENT='企业标签子维度表';

DROP TABLE IF EXISTS `company_trademark`;
CREATE TABLE `company_trademark` (
  `company_trademark_id` bigint NOT NULL AUTO_INCREMENT COMMENT '企业商标唯一标识',
  `company_trademark_name` varchar(255) COLLATE utf8mb4_unicode_ci NOT NULL COMMENT '企业商标名称',
  `company_id` bigint NOT NULL COMMENT '企业唯一标识',
  `company_trademark_register_number` varchar(255) COLLATE utf8mb4_unicode_ci NOT NULL COMMENT '企业商标注册号',
  `company_trademark_application_date` date DEFAULT NULL COMMENT '企业商标申请日期',
  PRIMARY KEY (`company_trademark_id`),
  UNIQUE KEY `uk_company_trademark_register_number` (`company_trademark_register_number`),
  KEY `idx_company_trademark_company_id` (`company_id`),
  CONSTRAINT `fk_company_trademark_company` FOREIGN KEY (`company_id`) REFERENCES `company_basic` (`company_id`)
) ENGINE=InnoDB DEFAULT CHARSET=utf8mb4 COLLATE=utf8mb4_unicode_ci COMMENT='企业商标表';

DROP TABLE IF EXISTS `company_website`;
CREATE TABLE `company_website` (
  `company_website_id` bigint NOT NULL AUTO_INCREMENT COMMENT '企业网站记录唯一标识',
  `company_id` bigint NOT NULL COMMENT '企业唯一标识',
  `website` varchar(255) COLLATE utf8mb4_unicode_ci NOT NULL COMMENT '企业网站 URL',
  `is_latest` tinyint NOT NULL DEFAULT '0' COMMENT '是否为最新记录',
  `captured_at` datetime DEFAULT NULL COMMENT '抓取/核准时间',
  PRIMARY KEY (`company_website_id`),
  UNIQUE KEY `uk_company_website` (`company_id`,`website`),
  CONSTRAINT `fk_company_website_company` FOREIGN KEY (`company_id`) REFERENCES `company_basic` (`company_id`),
  CONSTRAINT `chk_company_website_is_latest` CHECK ((`is_latest` in (0,1)))
) ENGINE=InnoDB DEFAULT CHARSET=utf8mb4 COLLATE=utf8mb4_unicode_ci COMMENT='企业网站表';

DROP TABLE IF EXISTS `company_work_copyright`;
CREATE TABLE `company_work_copyright` (
  `company_work_copyright_id` bigint NOT NULL AUTO_INCREMENT COMMENT '作品著作唯一标识',
  `company_work_copyright_name` varchar(255) COLLATE utf8mb4_unicode_ci NOT NULL COMMENT '作品著作名称',
  `company_id` bigint NOT NULL COMMENT '企业唯一标识',
  `company_work_copyright_register_number` varchar(255) COLLATE utf8mb4_unicode_ci NOT NULL COMMENT '作品著作登记号',
  `company_work_copyright_type` varchar(255) COLLATE utf8mb4_unicode_ci DEFAULT NULL COMMENT '作品著作类别',
  `company_work_copyright_publish_date` date DEFAULT NULL COMMENT '作品著作首次发布日期',
  `company_work_copyright_register_date` date DEFAULT NULL COMMENT '作品著作登记日期',
  `company_work_copyright_status` varchar(255) COLLATE utf8mb4_unicode_ci DEFAULT NULL COMMENT '作品著作状态',
  PRIMARY KEY (`company_work_copyright_id`),
  UNIQUE KEY `uk_company_work_copyright_register_number` (`company_work_copyright_register_number`),
  KEY `idx_company_work_copyright_company_id` (`company_id`),
  CONSTRAINT `fk_company_work_copyright_company` FOREIGN KEY (`company_id`) REFERENCES `company_basic` (`company_id`)
) ENGINE=InnoDB DEFAULT CHARSET=utf8mb4 COLLATE=utf8mb4_unicode_ci COMMENT='企业作品著作权表';

DROP TABLE IF EXISTS `platform_notice`;
CREATE TABLE `platform_notice` (
  `notice_id` bigint NOT NULL AUTO_INCREMENT,
  `title` varchar(255) NOT NULL,
  `notice_type` varchar(32) NOT NULL DEFAULT '通知',
  `content` text NOT NULL,
  `publish_date` date DEFAULT NULL,
  `sort_order` int NOT NULL DEFAULT '0',
  `is_published` tinyint(1) NOT NULL DEFAULT '1',
  `is_deleted` tinyint(1) NOT NULL DEFAULT '0',
  `created_by` bigint DEFAULT NULL,
  `updated_by` bigint DEFAULT NULL,
  `created_at` datetime NOT NULL DEFAULT CURRENT_TIMESTAMP,
  `updated_at` datetime NOT NULL DEFAULT CURRENT_TIMESTAMP ON UPDATE CURRENT_TIMESTAMP,
  PRIMARY KEY (`notice_id`),
  KEY `idx_platform_notice_publish` (`is_deleted`,`is_published`,`publish_date`),
  KEY `idx_platform_notice_sort` (`sort_order`,`updated_at`)
) ENGINE=InnoDB DEFAULT CHARSET=utf8mb4 COLLATE=utf8mb4_0900_ai_ci;

DROP TABLE IF EXISTS `rag_chat_message`;
CREATE TABLE `rag_chat_message` (
  `message_id` bigint NOT NULL AUTO_INCREMENT COMMENT '消息主键',
  `session_id` varchar(64) COLLATE utf8mb4_unicode_ci NOT NULL COMMENT '所属会话 ID',
  `role` varchar(16) COLLATE utf8mb4_unicode_ci NOT NULL COMMENT '消息角色（user/assistant/system）',
  `content` longtext COLLATE utf8mb4_unicode_ci NOT NULL COMMENT '消息正文',
  `retrieval_metadata` json DEFAULT NULL COMMENT '检索元数据',
  `created_at` datetime NOT NULL DEFAULT CURRENT_TIMESTAMP COMMENT '创建时间',
  PRIMARY KEY (`message_id`),
  KEY `idx_rag_chat_message_session_created_at` (`session_id`,`created_at`),
  CONSTRAINT `fk_rag_chat_message_session` FOREIGN KEY (`session_id`) REFERENCES `rag_chat_session` (`session_id`) ON DELETE CASCADE
) ENGINE=InnoDB DEFAULT CHARSET=utf8mb4 COLLATE=utf8mb4_unicode_ci COMMENT='RAG 对话消息表';

DROP TABLE IF EXISTS `rag_chat_session`;
CREATE TABLE `rag_chat_session` (
  `session_id` varchar(64) COLLATE utf8mb4_unicode_ci NOT NULL COMMENT 'RAG 对话会话 ID',
  `user_id` bigint NOT NULL COMMENT '所属用户 ID（users.user_id）',
  `title` varchar(255) COLLATE utf8mb4_unicode_ci DEFAULT NULL COMMENT '会话标题',
  `is_pinned` tinyint NOT NULL DEFAULT '0' COMMENT '是否置顶（1:是，0:否）',
  `created_at` datetime NOT NULL DEFAULT CURRENT_TIMESTAMP COMMENT '创建时间',
  `updated_at` datetime NOT NULL DEFAULT CURRENT_TIMESTAMP ON UPDATE CURRENT_TIMESTAMP COMMENT '更新时间',
  PRIMARY KEY (`session_id`),
  KEY `idx_rag_chat_session_updated_at` (`updated_at`),
  KEY `idx_rag_chat_session_pin_updated_at` (`is_pinned`,`updated_at`),
  KEY `idx_rag_chat_session_user_updated_at` (`user_id`,`updated_at`),
  CONSTRAINT `fk_rag_chat_session_user` FOREIGN KEY (`user_id`) REFERENCES `users` (`user_id`) ON DELETE CASCADE
) ENGINE=InnoDB DEFAULT CHARSET=utf8mb4 COLLATE=utf8mb4_unicode_ci COMMENT='RAG 对话会话表';

DROP TABLE IF EXISTS `score_industry_path`;
CREATE TABLE `score_industry_path` (
  `industry_path` varchar(255) COLLATE utf8mb4_unicode_ci NOT NULL COMMENT '行业路径名称',
  `path_level` smallint DEFAULT NULL COMMENT '几级标签',
  `avg_score` decimal(5,2) DEFAULT NULL COMMENT '行业平均分',
  `company_count` int DEFAULT NULL COMMENT '行业包含企业数量',
  PRIMARY KEY (`industry_path`),
  CONSTRAINT `chk_score_industry_path_company_count` CHECK (((`company_count` is null) or (`company_count` >= 0)))
) ENGINE=InnoDB DEFAULT CHARSET=utf8mb4 COLLATE=utf8mb4_unicode_ci COMMENT='行业路径评分统计表';

DROP TABLE IF EXISTS `score_model_basic_weight`;
CREATE TABLE `score_model_basic_weight` (
  `model_id` bigint NOT NULL AUTO_INCREMENT COMMENT '基础评分模型 ID',
  `model_name` varchar(100) COLLATE utf8mb4_unicode_ci NOT NULL COMMENT '基础评分模型名称',
  `established_year` decimal(5,2) NOT NULL DEFAULT '0.00' COMMENT '成立年限',
  `registered_capital` decimal(5,2) NOT NULL DEFAULT '0.00' COMMENT '注册资本',
  `actual_paid_capital` decimal(5,2) NOT NULL DEFAULT '0.00' COMMENT '实缴资本',
  `company_type` decimal(5,2) NOT NULL DEFAULT '0.00' COMMENT '公司类型',
  `enterprise_size_type` decimal(5,2) NOT NULL DEFAULT '0.00' COMMENT '企业规模（分型）',
  `social_security_count` decimal(5,2) NOT NULL DEFAULT '0.00' COMMENT '企业规模（社保人数）',
  `website` decimal(5,2) NOT NULL DEFAULT '0.00' COMMENT '网址',
  `business_scope` decimal(5,2) NOT NULL DEFAULT '0.00' COMMENT '经营范围',
  `tax_rating` decimal(5,2) NOT NULL DEFAULT '0.00' COMMENT '纳税人等级',
  `tax_type` decimal(5,2) NOT NULL DEFAULT '0.00' COMMENT '纳税人类型',
  `funding_round` decimal(5,2) NOT NULL DEFAULT '0.00' COMMENT '投融资轮次',
  `patent_type` decimal(5,2) NOT NULL DEFAULT '0.00' COMMENT '专利类型',
  `software_copyright` decimal(5,2) NOT NULL DEFAULT '0.00' COMMENT '软件著作权',
  `technology_enterprise` decimal(5,2) NOT NULL DEFAULT '0.00' COMMENT '科技型企业',
  PRIMARY KEY (`model_id`)
) ENGINE=InnoDB DEFAULT CHARSET=utf8mb4 COLLATE=utf8mb4_unicode_ci COMMENT='基础评分模型权重表';

DROP TABLE IF EXISTS `score_model_professional_weight`;
CREATE TABLE `score_model_professional_weight` (
  `model_id` bigint NOT NULL AUTO_INCREMENT COMMENT '专业能力评分模型 ID',
  `model_name` varchar(100) COLLATE utf8mb4_unicode_ci NOT NULL COMMENT '专业能力评分模型名称',
  `industry_market_size` decimal(5,2) NOT NULL DEFAULT '0.00' COMMENT '行业市场规模',
  `industry_heat` decimal(5,2) NOT NULL DEFAULT '0.00' COMMENT '行业热度',
  `industry_profit_margin` decimal(5,2) NOT NULL DEFAULT '0.00' COMMENT '行业利润率',
  `qualification` decimal(5,2) NOT NULL DEFAULT '0.00' COMMENT '资质',
  `certificates` decimal(5,2) NOT NULL DEFAULT '0.00' COMMENT '证书',
  `innovation` decimal(5,2) NOT NULL DEFAULT '0.00' COMMENT '创新性',
  `partnership_score` decimal(5,2) NOT NULL DEFAULT '0.00' COMMENT '合作上下游',
  `ranking` decimal(5,2) NOT NULL DEFAULT '0.00' COMMENT '专业榜单入选',
  PRIMARY KEY (`model_id`)
) ENGINE=InnoDB DEFAULT CHARSET=utf8mb4 COLLATE=utf8mb4_unicode_ci COMMENT='专业能力评分模型权重表';

DROP TABLE IF EXISTS `score_model_tech_weight`;
CREATE TABLE `score_model_tech_weight` (
  `model_id` bigint NOT NULL AUTO_INCREMENT COMMENT '科技属性评分模型 ID',
  `model_name` varchar(100) COLLATE utf8mb4_unicode_ci NOT NULL COMMENT '科技属性评分模型名称',
  `tech_patent_type` decimal(5,2) NOT NULL DEFAULT '0.00' COMMENT '专利类型',
  `patent_tech_attribute` decimal(5,2) NOT NULL DEFAULT '0.00' COMMENT '专利科技属性',
  `tech_software_copyright` decimal(5,2) NOT NULL DEFAULT '0.00' COMMENT '软件著作权',
  `software_copyright_tech_attribute` decimal(5,2) NOT NULL DEFAULT '0.00' COMMENT '软著科技属性',
  `tech_technology_enterprise` decimal(5,2) NOT NULL DEFAULT '0.00' COMMENT '科技型企业',
  `industry_university_research` decimal(5,2) NOT NULL DEFAULT '0.00' COMMENT '产学研合作',
  `national_provincial_award` decimal(5,2) NOT NULL DEFAULT '0.00' COMMENT '国家/省级奖励',
  `national_tech_honor` decimal(5,2) NOT NULL DEFAULT '0.00' COMMENT '科技荣誉（国家级）',
  `provincial_tech_honor` decimal(5,2) NOT NULL DEFAULT '0.00' COMMENT '科技荣誉（省级）',
  `medical_ai_model_filing` decimal(5,2) NOT NULL DEFAULT '0.00' COMMENT '算法备案的医疗大模型',
  `high_quality_dataset` decimal(5,2) NOT NULL DEFAULT '0.00' COMMENT '高质量数据集',
  PRIMARY KEY (`model_id`)
) ENGINE=InnoDB DEFAULT CHARSET=utf8mb4 COLLATE=utf8mb4_unicode_ci COMMENT='科技属性评分模型权重表';

DROP TABLE IF EXISTS `score_model_total_weight`;
CREATE TABLE `score_model_total_weight` (
  `model_id` bigint NOT NULL AUTO_INCREMENT COMMENT '模型 ID',
  `model_name` varchar(100) COLLATE utf8mb4_unicode_ci NOT NULL COMMENT '模型名称',
  `model_weight` decimal(5,2) NOT NULL COMMENT '模型权重',
  PRIMARY KEY (`model_id`),
  CONSTRAINT `chk_score_model_total_weight_range` CHECK (((`model_weight` >= 0) and (`model_weight` <= 100)))
) ENGINE=InnoDB DEFAULT CHARSET=utf8mb4 COLLATE=utf8mb4_unicode_ci COMMENT='总评分模型权重表';

DROP TABLE IF EXISTS `scoring_scorelog`;
CREATE TABLE `scoring_scorelog` (
  `id` bigint NOT NULL AUTO_INCREMENT COMMENT '评分日志 ID',
  `enterprise_id` bigint NOT NULL COMMENT '企业 ID',
  `enterprise_name` varchar(255) COLLATE utf8mb4_unicode_ci DEFAULT NULL COMMENT '企业名称',
  `score_type` varchar(20) COLLATE utf8mb4_unicode_ci DEFAULT NULL COMMENT '得分类型',
  `score_value` decimal(5,2) DEFAULT NULL COMMENT '得分分值',
  `description` longtext COLLATE utf8mb4_unicode_ci COMMENT '得分依据描述',
  `created_at` datetime(6) DEFAULT CURRENT_TIMESTAMP(6) COMMENT '创建时间',
  PRIMARY KEY (`id`),
  KEY `idx_scoring_scorelog_enterprise_id` (`enterprise_id`),
  CONSTRAINT `fk_scoring_scorelog_company` FOREIGN KEY (`enterprise_id`) REFERENCES `company_basic` (`company_id`)
) ENGINE=InnoDB DEFAULT CHARSET=utf8mb4 COLLATE=utf8mb4_unicode_ci COMMENT='企业评分日志表';

DROP TABLE IF EXISTS `scoring_scoreresult`;
CREATE TABLE `scoring_scoreresult` (
  `enterprise_id` bigint NOT NULL COMMENT '企业 ID',
  `company_name` varchar(255) COLLATE utf8mb4_unicode_ci DEFAULT NULL COMMENT '企业名称',
  `total_score` decimal(5,2) NOT NULL DEFAULT '0.00' COMMENT '总得分',
  `basic_score` decimal(5,2) NOT NULL DEFAULT '0.00' COMMENT '基础得分',
  `tech_score` decimal(5,2) NOT NULL DEFAULT '0.00' COMMENT '科技属性得分',
  `professional_score` decimal(5,2) NOT NULL DEFAULT '0.00' COMMENT '专业能力得分',
  `created_at` datetime(6) NOT NULL DEFAULT CURRENT_TIMESTAMP(6) COMMENT '创建时间',
  `updated_at` datetime(6) NOT NULL DEFAULT CURRENT_TIMESTAMP(6) ON UPDATE CURRENT_TIMESTAMP(6) COMMENT '更新时间',
  PRIMARY KEY (`enterprise_id`),
  CONSTRAINT `fk_scoring_scoreresult_company` FOREIGN KEY (`enterprise_id`) REFERENCES `company_basic` (`company_id`)
) ENGINE=InnoDB DEFAULT CHARSET=utf8mb4 COLLATE=utf8mb4_unicode_ci COMMENT='企业评分结果表';

DROP TABLE IF EXISTS `user_and_roles`;
CREATE TABLE `user_and_roles` (
  `association_id` bigint NOT NULL AUTO_INCREMENT COMMENT '用户权限关联表 关联 ID 唯一标识',
  `user_id` bigint NOT NULL COMMENT '用户 ID',
  `role_id` bigint NOT NULL COMMENT '权限 ID',
  `assigned_at` datetime(6) DEFAULT CURRENT_TIMESTAMP(6) COMMENT '授权时间',
  PRIMARY KEY (`association_id`),
  UNIQUE KEY `uk_user_and_roles` (`user_id`,`role_id`),
  KEY `fk_user_and_roles_role` (`role_id`),
  CONSTRAINT `fk_user_and_roles_role` FOREIGN KEY (`role_id`) REFERENCES `user_roles` (`role_id`),
  CONSTRAINT `fk_user_and_roles_user` FOREIGN KEY (`user_id`) REFERENCES `users` (`user_id`)
) ENGINE=InnoDB DEFAULT CHARSET=utf8mb4 COLLATE=utf8mb4_unicode_ci COMMENT='用户权限关联表';

DROP TABLE IF EXISTS `user_dinvite_codes`;
CREATE TABLE `user_dinvite_codes` (
  `invite_code` varchar(50) COLLATE utf8mb4_unicode_ci NOT NULL COMMENT '邀请码',
  `is_used` tinyint(1) NOT NULL DEFAULT '0' COMMENT '使用状态：0-未使用，1-已使用',
  `created_at` datetime(6) DEFAULT CURRENT_TIMESTAMP(6) COMMENT '创建时间',
  PRIMARY KEY (`invite_code`),
  CONSTRAINT `chk_user_dinvite_codes_used` CHECK ((`is_used` in (0,1)))
) ENGINE=InnoDB DEFAULT CHARSET=utf8mb4 COLLATE=utf8mb4_unicode_ci COMMENT='邀请码表';

DROP TABLE IF EXISTS `user_domains`;
CREATE TABLE `user_domains` (
  `domain_id` bigint NOT NULL AUTO_INCREMENT COMMENT '领域表 领域 ID 唯一标识',
  `domain_name` varchar(50) COLLATE utf8mb4_unicode_ci NOT NULL COMMENT '领域名称',
  `domain_description` longtext COLLATE utf8mb4_unicode_ci COMMENT '领域描述',
  `created_at` datetime(6) DEFAULT CURRENT_TIMESTAMP(6) COMMENT '创建时间',
  PRIMARY KEY (`domain_id`),
  UNIQUE KEY `uk_user_domains_name` (`domain_name`)
) ENGINE=InnoDB DEFAULT CHARSET=utf8mb4 COLLATE=utf8mb4_unicode_ci COMMENT='用户领域表';

DROP TABLE IF EXISTS `user_operation_logs`;
CREATE TABLE `user_operation_logs` (
  `log_id` bigint NOT NULL AUTO_INCREMENT COMMENT '操作日志表 日志 ID 唯一标识',
  `user_id` bigint NOT NULL COMMENT '用户 ID',
  `operation_time` datetime(6) DEFAULT CURRENT_TIMESTAMP(6) COMMENT '操作时间',
  `action` varchar(50) COLLATE utf8mb4_unicode_ci NOT NULL COMMENT '操作内容',
  PRIMARY KEY (`log_id`),
  KEY `idx_user_operation_logs_user_id` (`user_id`),
  CONSTRAINT `fk_user_operation_logs_user` FOREIGN KEY (`user_id`) REFERENCES `users` (`user_id`)
) ENGINE=InnoDB DEFAULT CHARSET=utf8mb4 COLLATE=utf8mb4_unicode_ci COMMENT='用户操作日志表';

DROP TABLE IF EXISTS `user_roles`;
CREATE TABLE `user_roles` (
  `role_id` bigint NOT NULL AUTO_INCREMENT COMMENT '权限表 权限 ID 唯一标识',
  `role_name` varchar(30) COLLATE utf8mb4_unicode_ci NOT NULL COMMENT '权限名称',
  `role_description` longtext COLLATE utf8mb4_unicode_ci COMMENT '权限描述',
  PRIMARY KEY (`role_id`),
  UNIQUE KEY `uk_user_roles_role_name` (`role_name`)
) ENGINE=InnoDB DEFAULT CHARSET=utf8mb4 COLLATE=utf8mb4_unicode_ci COMMENT='用户角色表';

DROP TABLE IF EXISTS `users`;
CREATE TABLE `users` (
  `user_id` bigint NOT NULL AUTO_INCREMENT COMMENT '用户表 用户 ID 唯一标识',
  `user_name` varchar(100) COLLATE utf8mb4_unicode_ci NOT NULL COMMENT '用户名',
  `password_hash` varchar(255) COLLATE utf8mb4_unicode_ci NOT NULL COMMENT '密码哈希值',
  `email` varchar(100) COLLATE utf8mb4_unicode_ci DEFAULT NULL COMMENT '邮箱',
  `phone` varchar(20) COLLATE utf8mb4_unicode_ci DEFAULT NULL COMMENT '联系方式（手机号）',
  `organization` varchar(100) COLLATE utf8mb4_unicode_ci DEFAULT NULL COMMENT '单位',
  `position` varchar(100) COLLATE utf8mb4_unicode_ci DEFAULT NULL COMMENT '职务',
  `user_nickname` varchar(255) COLLATE utf8mb4_unicode_ci DEFAULT NULL COMMENT '用户显示昵称',
  `user_avatar` varchar(255) COLLATE utf8mb4_unicode_ci DEFAULT NULL COMMENT '头像（文件 URL）',
  `user_type` tinyint DEFAULT NULL COMMENT '所属领域（1:数字医疗，2:康养）',
  `is_superuser` tinyint NOT NULL DEFAULT '0' COMMENT '是否为管理员（1:是，0:否）',
  `user_role` varchar(255) COLLATE utf8mb4_unicode_ci DEFAULT NULL COMMENT '用户角色',
  `date_joined` datetime DEFAULT CURRENT_TIMESTAMP COMMENT '注册时间',
  `last_login_time` datetime DEFAULT NULL COMMENT '上次登录时间',
  `last_login_ip` varchar(255) COLLATE utf8mb4_unicode_ci DEFAULT NULL COMMENT '上次登录 IP',
  `password_update_time` datetime DEFAULT NULL COMMENT '上次修改密码时间',
  `user_real_name` varchar(255) COLLATE utf8mb4_unicode_ci DEFAULT NULL COMMENT '用户真实姓名',
  `org_name` varchar(255) COLLATE utf8mb4_unicode_ci DEFAULT NULL COMMENT '用户所属组织名称',
  `org_id` varchar(255) COLLATE utf8mb4_unicode_ci DEFAULT NULL COMMENT '用户所属组织 ID',
  `dept_name` varchar(255) COLLATE utf8mb4_unicode_ci DEFAULT NULL COMMENT '用户所属部门名称',
  `dept_id` varchar(255) COLLATE utf8mb4_unicode_ci DEFAULT NULL COMMENT '用户所属部门 ID',
  `user_status` tinyint NOT NULL DEFAULT '2' COMMENT '用户状态（0:禁用，1:正常，2:待审核）',
  `domain_id` bigint DEFAULT NULL COMMENT '所属领域 ID',
  `registered_at` datetime(6) DEFAULT CURRENT_TIMESTAMP(6) COMMENT '注册时间',
  `last_login_at` datetime(6) DEFAULT NULL COMMENT '最后登录时间',
  `updated_at` datetime(6) DEFAULT CURRENT_TIMESTAMP(6) ON UPDATE CURRENT_TIMESTAMP(6) COMMENT '更新时间',
  PRIMARY KEY (`user_id`),
  UNIQUE KEY `uk_users_user_name` (`user_name`),
  UNIQUE KEY `uk_users_email` (`email`),
  UNIQUE KEY `uk_users_phone` (`phone`),
  KEY `fk_users_domain` (`domain_id`),
  KEY `idx_users_org_id` (`org_id`),
  KEY `idx_users_dept_id` (`dept_id`),
  CONSTRAINT `fk_users_domain` FOREIGN KEY (`domain_id`) REFERENCES `user_domains` (`domain_id`),
  CONSTRAINT `chk_users_is_superuser` CHECK ((`is_superuser` in (0,1))),
  CONSTRAINT `chk_users_status` CHECK ((`user_status` in (0,1,2))),
  CONSTRAINT `chk_users_user_type` CHECK (((`user_type` is null) or (`user_type` in (1,2))))
) ENGINE=InnoDB DEFAULT CHARSET=utf8mb4 COLLATE=utf8mb4_unicode_ci COMMENT='统一用户认证与资料表';

INSERT INTO `category_industry` (`category_id`, `category_name`, `category_level`, `category_level_code`, `category_level_code_parent`, `field_belong`, `sort_order`) VALUES
  (1, '数字医疗', 0, '01', NULL, 1, 10),
  (2, '智慧医疗', 1, '0101', '01', 1, 10),
  (3, '智慧CDSS', 2, '010101', '0101', 1, 10),
  (4, '主动干预：临床诊断与治疗', 3, '01010101', '010101', 1, 10),
  (5, '合理用药管理', 3, '01010102', '010101', 1, 20),
  (6, '被动检索：知识库', 3, '01010103', '010101', 1, 30),
  (7, '智慧电子病历', 2, '010102', '0101', 1, 20),
  (8, '信息化企业', 3, '01010201', '010102', 1, 10),
  (9, '云服务提供商', 3, '01010202', '010102', 1, 20),
  (10, '健康医疗大数据', 2, '010103', '0101', 1, 30),
  (11, '信息化厂商', 3, '01010301', '010103', 1, 10),
  (12, '数据处理服务商', 3, '01010302', '010103', 1, 20),
  (13, '数据安全服务提供商', 3, '01010303', '010103', 1, 30),
  (14, '智能硬件厂商', 3, '01010304', '010103', 1, 40),
  (15, '物联网厂商', 3, '01010305', '010103', 1, 50),
  (16, '智慧病理', 2, '010104', '0101', 1, 40),
  (17, '全切片成像系统与设备', 3, '01010401', '010104', 1, 10),
  (18, '独立病理中心', 3, '01010402', '010104', 1, 20),
  (19, '辅助病理诊断', 3, '01010403', '010104', 1, 30),
  (20, '远程医疗', 2, '010105', '0101', 1, 50),
  (21, '信息化系统厂商', 3, '01010501', '010105', 1, 10),
  (22, '硬件设备生产商', 3, '01010502', '010105', 1, 20),
  (23, '通信服务商', 3, '01010503', '010105', 1, 30),
  (24, '智慧医学影像', 2, '010106', '0101', 1, 60),
  (25, '人工智能辅助/线上诊断分析平台', 3, '01010601', '010106', 1, 10),
  (26, '医学影像存储系统PACS供应商', 3, '01010602', '010106', 1, 20),
  (27, '智慧CT', 3, '01010603', '010106', 1, 30),
  (28, '智慧DR', 3, '01010604', '010106', 1, 40),
  (29, '智慧MRI', 3, '01010605', '010106', 1, 50),
  (30, '智慧OCT', 3, '01010606', '010106', 1, 60),
  (31, '智慧内窥镜', 3, '01010607', '010106', 1, 70),
  (32, '智慧超声', 3, '01010608', '010106', 1, 80),
  (33, '独立医学影像中心', 3, '01010609', '010106', 1, 90),
  (34, '智慧护理', 2, '010107', '0101', 1, 70),
  (35, '专项护理-养老', 3, '01010701', '010107', 1, 10),
  (36, '专项护理-慢病管理', 3, '01010702', '010107', 1, 20),
  (37, '专项护理-母婴', 3, '01010703', '010107', 1, 30),
  (38, '护理资源调配平台', 3, '01010704', '010107', 1, 40),
  (39, '智能硬件+护理服务', 3, '01010705', '010107', 1, 50),
  (40, '综合家庭护理', 3, '01010706', '010107', 1, 60),
  (41, '智慧区域卫生', 2, '010108', '0101', 1, 80),
  (42, '区域医疗数据信息中心', 3, '01010801', '010108', 1, 10),
  (43, '医疗大数据共享与交换平台', 3, '01010802', '010108', 1, 20),
  (44, '医疗线上平台应用系统', 3, '01010803', '010108', 1, 30),
  (45, '综合卫生监管平台', 3, '01010804', '010108', 1, 40),
  (46, '互联网+健康', 1, '0102', '01', 1, 20),
  (47, '互联网医院', 2, '010201', '0102', 1, 10),
  (48, '信息化服务商', 3, '01020101', '010201', 1, 10),
  (49, '处方流转平台', 3, '01020102', '010201', 1, 20),
  (50, '患者管理平台', 3, '01020103', '010201', 1, 30),
  (51, '药品流通商', 3, '01020104', '010201', 1, 40),
  (52, '互联网保险', 2, '010202', '0102', 1, 20),
  (53, 'IOT', 3, '01020201', '010202', 1, 10),
  (54, '企业团险', 3, '01020202', '010202', 1, 20),
  (55, '保单和理赔服务', 3, '01020203', '010202', 1, 30),
  (56, '健康险企', 3, '01020204', '010202', 1, 40),
  (57, '比价/线上销售平台', 3, '01020205', '010202', 1, 50),
  (58, '网络互助保险平台', 3, '01020206', '010202', 1, 60),
  (59, '公共卫生服务', 2, '010203', '0102', 1, 30),
  (60, '公卫服务相关智能设备', 3, '01020301', '010203', 1, 10),
  (61, '大数据与公卫服务', 3, '01020302', '010203', 1, 20),
  (62, '疾病知识科普', 3, '01020303', '010203', 1, 30),
  (63, '检验检测', 2, '010204', '0102', 1, 40),
  (64, '互联网公司', 3, '01020401', '010204', 1, 10),
  (65, '医院内检验机构', 3, '01020402', '010204', 1, 20),
  (66, '第三方检验中心', 3, '01020403', '010204', 1, 30),
  (67, '医药电商', 2, '010205', '0102', 1, 50),
  (68, 'B2B', 3, '01020501', '010205', 1, 10),
  (69, 'B2C', 3, '01020502', '010205', 1, 20),
  (70, 'O2O', 3, '01020503', '010205', 1, 30),
  (71, '患者教育', 2, '010206', '0102', 1, 60),
  (72, '其他疾病患教', 3, '01020601', '010206', 1, 10),
  (73, '图文在线健康科普', 3, '01020602', '010206', 1, 20),
  (74, '患者社区', 3, '01020603', '010206', 1, 30),
  (75, '用药指导', 3, '01020604', '010206', 1, 40),
  (76, '糖尿病患教', 3, '01020605', '010206', 1, 50),
  (77, '肿瘤患教', 3, '01020606', '010206', 1, 60),
  (78, '视/音频健康科普', 3, '01020607', '010206', 1, 70),
  (79, '家庭医生', 2, '010207', '0102', 1, 70),
  (80, '医生在线预约平台', 3, '01020701', '010207', 1, 10),
  (81, '家庭医生信息化厂商和签约服务平台', 3, '01020702', '010207', 1, 20),
  (82, '诊所与家庭医生', 3, '01020703', '010207', 1, 30),
  (83, '数字营销', 2, '010208', '0102', 1, 80),
  (84, '医药企业', 3, '01020801', '010208', 1, 10),
  (85, '数字营销-以医生为导向', 3, '01020802', '010208', 1, 20),
  (86, '数字营销-以患者和消费者为导向', 3, '01020803', '010208', 1, 30),
  (87, '硬件和云服务', 3, '01020804', '010208', 1, 40),
  (88, '数字疗法', 1, '0103', '01', 1, 30),
  (89, '可穿戴设备', 2, '010301', '0103', 1, 10),
  (90, '其他可穿戴设备', 3, '01030101', '010301', 1, 10),
  (91, '头戴式设备', 3, '01030102', '010301', 1, 20),
  (92, '智能手环', 3, '01030103', '010301', 1, 30),
  (93, '智能手表', 3, '01030104', '010301', 1, 40),
  (94, '智能服饰', 3, '01030105', '010301', 1, 50),
  (95, '智能眼镜', 3, '01030106', '010301', 1, 60),
  (96, '耳戴式设备', 3, '01030107', '010301', 1, 70),
  (97, '胸贴式设备', 3, '01030108', '010301', 1, 80),
  (98, '臂戴式设备', 3, '01030109', '010301', 1, 90),
  (99, '糖尿病', 2, '010302', '0103', 1, 20),
  (100, '其他黑科技', 3, '01030201', '010302', 1, 10),
  (101, '智能胰岛素泵', 3, '01030202', '010302', 1, 20),
  (102, '糖尿病患者服务平台', 3, '01030203', '010302', 1, 30),
  (103, '糖尿病管理App', 3, '01030204', '010302', 1, 40),
  (104, '血糖监测系统', 3, '01030205', '010302', 1, 50),
  (105, '肥胖症', 2, '010303', '0103', 1, 30),
  (106, '体重管理App及管理平台', 3, '01030301', '010303', 1, 10),
  (107, '智能可穿戴设备及其他智能减肥设备', 3, '01030302', '010303', 1, 20),
  (108, '肥胖症治疗器械', 3, '01030303', '010303', 1, 30),
  (109, '哮喘/COPD', 2, '010304', '0103', 1, 40),
  (110, '呼吸监测设备', 3, '01030401', '010304', 1, 10),
  (111, '哮喘/COPD吸入器传感器', 3, '01030402', '010304', 1, 20),
  (112, '哮喘/COPD相关App、线上平台', 3, '01030403', '010304', 1, 30),
  (113, '抑郁症', 2, '010305', '0103', 1, 50),
  (114, '抑郁症诊断和分析', 3, '01030501', '010305', 1, 10),
  (115, '线上轻量级咨询', 3, '01030502', '010305', 1, 20),
  (116, '黑科技数字疗法', 3, '01030503', '010305', 1, 30),
  (117, '高血压', 2, '010306', '0103', 1, 60),
  (118, 'App、线上服务', 3, '01030601', '010306', 1, 10),
  (119, '血压监测分析系统', 3, '01030602', '010306', 1, 20),
  (120, '智能血压计', 3, '01030603', '010306', 1, 30),
  (121, '自闭症', 2, '010307', '0103', 1, 70),
  (122, 'AI及VR/AR治疗', 3, '01030701', '010307', 1, 10),
  (123, '自闭症APP管理', 3, '01030702', '010307', 1, 20),
  (124, '自闭症患者社区', 3, '01030703', '010307', 1, 30),
  (125, '语言/行为康复治疗', 3, '01030704', '010307', 1, 40),
  (126, '前沿技术', 0, '02', NULL, 1, 20),
  (127, '前沿技术融合', 1, '0201', '02', 1, 10),
  (128, '脑机接口(BCI)', 2, '020101', '0201', 1, 10),
  (129, '侵入式脑机接口', 3, '02010101', '020101', 1, 10),
  (130, '半侵入式/介入式脑机接口', 3, '02010102', '020101', 1, 20),
  (131, '非侵入式脑机接口', 3, '02010103', '020101', 1, 30),
  (132, '人工智能', 2, '020102', '0201', 1, 20),
  (133, 'AI临床试验解决方案', 3, '02010201', '020102', 1, 10),
  (134, 'AI健康管理平台', 3, '02010202', '020102', 1, 20),
  (135, '医疗垂直大模型', 3, '02010203', '020102', 1, 30),
  (136, '价值导向型医疗生态系统构建', 3, '02010204', '020102', 1, 40),
  (137, '医疗器械', 0, '03', NULL, 1, 30),
  (138, '体外诊断 (IVD)', 1, '0301', '03', 1, 10),
  (139, '生化', 2, '030101', '0301', 1, 10),
  (140, '生化分析仪、试剂等', 3, '03010101', '030101', 1, 10),
  (141, '免疫', 2, '030102', '0301', 1, 20),
  (142, '免疫分析仪、试剂等', 3, '03010201', '030102', 1, 10),
  (143, '分子', 2, '030103', '0301', 1, 30),
  (144, 'PCR仪、基因测序设备等', 3, '03010301', '030103', 1, 10),
  (145, '微生物', 2, '030104', '0301', 1, 40),
  (146, '微生物检测系统、培养箱等', 3, '03010401', '030104', 1, 10),
  (147, '血液、体液', 2, '030105', '0301', 1, 50),
  (148, '血球仪、尿液分析仪等', 3, '03010501', '030105', 1, 10),
  (149, 'POCT', 2, '030106', '0301', 1, 60),
  (150, '便携式血糖仪、快速检测卡等', 3, '03010601', '030106', 1, 10),
  (151, '影像设备', 1, '0302', '03', 1, 20),
  (152, 'X射线成像设备', 2, '030201', '0302', 1, 10),
  (153, 'CT、DR', 3, '03020101', '030201', 1, 10),
  (154, 'DSA', 3, '03020102', '030201', 1, 20),
  (155, '超声诊断设备', 2, '030202', '0302', 1, 20),
  (156, '超声影像诊断设备', 3, '03020201', '030202', 1, 10),
  (157, '超声血管流量计', 3, '03020202', '030202', 1, 20),
  (158, '核磁共振设备', 2, '030203', '0302', 1, 30),
  (159, 'MRI', 3, '03020301', '030203', 1, 10),
  (160, '核医学检查设备', 2, '030204', '0302', 1, 40),
  (161, 'PET-CT', 3, '03020401', '030204', 1, 10),
  (162, '内窥镜检查设备', 2, '030205', '0302', 1, 50),
  (163, '医用内窥镜', 3, '03020501', '030205', 1, 10),
  (164, '血管内超声诊断设备', 3, '03020502', '030205', 1, 20),
  (165, '电凝切割内窥镜', 3, '03020503', '030205', 1, 30),
  (166, '治疗设备', 1, '0303', '03', 1, 30),
  (167, '手术机器人', 2, '030301', '0303', 1, 10),
  (168, '腔镜手术机器人', 3, '03030101', '030301', 1, 10),
  (169, '骨科手术机器人', 3, '03030102', '030301', 1, 20),
  (170, '泛血管介入手术机器人', 3, '03030103', '030301', 1, 30),
  (171, '经自然腔道手术机器人', 3, '03030104', '030301', 1, 40),
  (172, '经皮穿刺手术机器人', 3, '03030105', '030301', 1, 50),
  (173, '能量源设备', 2, '030302', '0303', 1, 20),
  (174, '高频手术设备', 3, '03030201', '030302', 1, 10),
  (175, '激光治疗设备', 3, '03030202', '030302', 1, 20),
  (176, '射频治疗设备', 3, '03030203', '030302', 1, 30),
  (177, '脉冲电场消融设备', 3, '03030204', '030302', 1, 40),
  (178, '超声波治疗设备', 3, '03030205', '030302', 1, 50),
  (179, '放射设备', 2, '030303', '0303', 1, 30),
  (180, '放疗设备', 3, '03030301', '030303', 1, 10),
  (181, '生命信息支持设备', 1, '0304', '03', 1, 40),
  (182, '监护仪', 2, '030401', '0304', 1, 10),
  (183, '监护设备', 3, '03040101', '030401', 1, 10),
  (184, '呼吸机', 2, '030402', '0304', 1, 20),
  (185, '呼吸机', 3, '03040201', '030402', 1, 10),
  (186, '麻醉机', 2, '030403', '0304', 1, 30),
  (187, '麻醉机', 3, '03040301', '030403', 1, 10),
  (188, 'ECMO', 2, '030404', '0304', 1, 40),
  (189, '体外膜肺氧合设备', 3, '03040401', '030404', 1, 10),
  (190, '康复设备', 1, '0305', '03', 1, 50),
  (191, '康复机器人', 2, '030501', '0305', 1, 10),
  (192, '运动康复、视听障碍康复', 3, '03050101', '030501', 1, 10),
  (193, '物理治疗设备', 2, '030502', '0305', 1, 20),
  (194, '声、光、电、磁疗', 3, '03050201', '030502', 1, 10),
  (195, '辅助设备', 1, '0306', '03', 1, 60),
  (196, '诊断辅助软件', 2, '030601', '0306', 1, 10),
  (197, 'AI影像处理软件', 3, '03060101', '030601', 1, 10),
  (198, 'AI决策支持软件', 3, '03060102', '030601', 1, 20),
  (199, 'AI手术计划软件', 3, '03060103', '030601', 1, 30),
  (200, '采用脑机接口技术的医疗器械', 3, '03060104', '030601', 1, 40),
  (201, '应用纳米材料的医疗器械', 3, '03060105', '030601', 1, 50),
  (202, '医疗器械软件（SaMD）', 3, '03060106', '030601', 1, 60),
  (203, '家用医疗设备', 1, '0307', '03', 1, 70),
  (204, '呼吸治疗', 2, '030701', '0307', 1, 10),
  (205, '制氧机、呼吸机', 3, '03070101', '030701', 1, 10),
  (206, '血糖监测', 2, '030702', '0307', 1, 20),
  (207, '血糖仪', 3, '03070201', '030702', 1, 10),
  (208, '健康检测', 2, '030703', '0307', 1, 30),
  (209, '电子血压计', 3, '03070301', '030703', 1, 10),
  (210, '助听设备', 2, '030704', '0307', 1, 40),
  (211, '助听器', 3, '03070401', '030704', 1, 10),
  (212, '高值医用耗材', 1, '0308', '03', 1, 80),
  (213, '血管介入类', 2, '030801', '0308', 1, 10),
  (214, '冠脉介入球囊/支架', 3, '03080101', '030801', 1, 10),
  (215, '外周血管介入', 3, '03080102', '030801', 1, 20),
  (216, '神经血管介入', 3, '03080103', '030801', 1, 30),
  (217, '肺动脉血栓取出系统', 3, '03080104', '030801', 1, 40),
  (218, '非血管介入类', 2, '030802', '0308', 1, 20),
  (219, '内窥镜下耗材', 3, '03080201', '030802', 1, 10),
  (220, '其他介入耗材', 3, '03080202', '030802', 1, 20),
  (221, '植入器械/材料', 1, '0309', '03', 1, 90),
  (222, '有源植入物', 2, '030901', '0309', 1, 10),
  (223, '心脏起搏器', 3, '03090101', '030901', 1, 10),
  (224, '植入式心律转复除颤器', 3, '03090102', '030901', 1, 20),
  (225, '心室辅助装置', 3, '03090103', '030901', 1, 30),
  (226, '脑深部电刺激器', 3, '03090104', '030901', 1, 40),
  (227, '脊髓刺激器', 3, '03090105', '030901', 1, 50),
  (228, '听觉植入物', 3, '03090106', '030901', 1, 60),
  (229, '无源植入物', 2, '030902', '0309', 1, 20),
  (230, '心脏瓣膜', 3, '03090201', '030902', 1, 10),
  (231, '封堵器', 3, '03090202', '030902', 1, 20),
  (232, '关节植入物', 3, '03090203', '030902', 1, 30),
  (233, '脊柱植入物', 3, '03090204', '030902', 1, 40),
  (234, '创伤植入物', 3, '03090205', '030902', 1, 50),
  (235, '运动医学植入器械', 3, '03090206', '030902', 1, 60),
  (236, '整形外科植入物', 3, '03090207', '030902', 1, 70),
  (237, '眼科植入物', 3, '03090208', '030902', 1, 80),
  (238, '其他植入物', 3, '03090209', '030902', 1, 90),
  (239, '低值医用耗材', 1, '0310', '03', 1, 100),
  (240, '注射穿刺类', 2, '031001', '0310', 1, 10),
  (241, '注射器、输液器', 3, '03100101', '031001', 1, 10),
  (242, '医用卫生材料', 2, '031002', '0310', 1, 20),
  (243, '敷料、口罩', 3, '03100201', '031002', 1, 10),
  (244, '医用高分子制品', 2, '031003', '0310', 1, 30),
  (245, '导管、引流袋', 3, '03100301', '031003', 1, 10),
  (246, '装备制造', 1, '0311', '03', 1, 110),
  (247, '制药装备', 2, '031101', '0311', 1, 10),
  (248, '生物反应器/系统', 3, '03110101', '031101', 1, 10),
  (249, '实验室自动化', 3, '03110102', '031101', 1, 20),
  (250, '智慧工厂方案', 3, '03110103', '031101', 1, 30),
  (251, '医疗服务', 0, '04', NULL, 1, 40),
  (252, '医药商业 / 流通', 1, '0401', '04', 1, 10),
  (253, '医药配送企业', 2, '040101', '0401', 1, 10),
  (254, '医药即时零售', 2, '040102', '0401', 1, 20),
  (255, '平台型', 3, '04010201', '040102', 1, 10),
  (256, '连锁药店 O2O', 3, '04010202', '040102', 1, 20),
  (257, '药企线上渠道 / 合作', 2, '040103', '0401', 1, 30),
  (258, '新品首发 / 旗舰店 / 营销', 3, '04010301', '040103', 1, 10),
  (259, '医药跨境供应链', 2, '040104', '0401', 1, 40),
  (260, '医疗零售', 1, '0402', '04', 1, 20),
  (261, '实体药店', 2, '040201', '0402', 1, 10),
  (262, '连锁药店', 3, '04020101', '040201', 1, 10),
  (263, 'DTP 药房 / 特药房', 3, '04020102', '040201', 1, 20),
  (264, '医药电商', 2, '040202', '0402', 1, 20),
  (265, 'B2B', 3, '04020201', '040202', 1, 10),
  (266, 'B2C', 3, '04020202', '040202', 1, 20),
  (267, 'O2O', 3, '04020203', '040202', 1, 30),
  (268, '药店业务拓展', 2, '040203', '0402', 1, 30),
  (269, '医美服务', 3, '04020301', '040203', 1, 10),
  (270, '中医诊所', 3, '04020302', '040203', 1, 20),
  (271, '严肃医疗', 1, '0403', '04', 1, 30),
  (272, '公立三级', 2, '040301', '0403', 1, 10),
  (273, '公立二级', 2, '040302', '0403', 1, 20),
  (274, '基层公卫', 2, '040303', '0403', 1, 30),
  (275, '民营医院', 2, '040304', '0403', 1, 40),
  (276, '综合医院', 3, '04030401', '040304', 1, 10),
  (277, '专科医院（肿瘤）', 3, '04030402', '040304', 1, 20),
  (278, '专科医院（辅助生殖）', 3, '04030403', '040304', 1, 30),
  (279, '消费医疗', 1, '0404', '04', 1, 40),
  (280, '口腔诊所 / 连锁', 2, '040401', '0404', 1, 10),
  (281, '体检中心 / 健康管理', 2, '040402', '0404', 1, 20),
  (282, '眼科诊所 / 连锁', 2, '040403', '0404', 1, 30),
  (283, '综合眼科集团', 3, '04040301', '040403', 1, 10),
  (284, '垂直眼视光 / 少儿眼科', 3, '04040302', '040403', 1, 20),
  (285, '产后中心 / 母婴护理', 2, '040404', '0404', 1, 40),
  (286, '生殖中心 / 门诊', 2, '040405', '0404', 1, 50),
  (287, '中医诊所 / 连锁', 2, '040406', '0404', 1, 60),
  (288, '医美诊所 / 服务', 2, '040407', '0404', 1, 70),
  (289, '专科诊所 / 连锁（其他）', 2, '040408', '0404', 1, 80),
  (290, '骨科与肌肉健康（数字疗法）', 3, '04040801', '040408', 1, 10),
  (291, '互联网医疗', 1, '0405', '04', 1, 50),
  (292, '综合平台 / 在线诊疗', 2, '040501', '0405', 1, 10),
  (293, '互联网医院', 3, '04050101', '040501', 1, 10),
  (294, 'AI 医疗应用', 3, '04050102', '040501', 1, 20),
  (295, '垂直服务平台', 2, '040502', '0405', 1, 20),
  (296, '互联网 + 护理服务', 3, '04050201', '040502', 1, 10),
  (297, '数字慢病 / 专病管理', 3, '04050202', '040502', 1, 20),
  (298, '第三方中心', 1, '0406', '04', 1, 60),
  (299, '检验中心', 2, '040601', '0406', 1, 10),
  (300, '影像中心', 2, '040602', '0406', 1, 20),
  (301, '病理中心', 2, '040603', '0406', 1, 30),
  (302, '消毒中心', 2, '040604', '0406', 1, 40),
  (303, '第三方消毒供应', 3, '04060401', '040604', 1, 10),
  (304, '血透中心', 2, '040605', '0406', 1, 50),
  (305, '其他第三方服务', 2, '040606', '0406', 1, 60),
  (306, '居家护理 / 上门检测', 3, '04060601', '040606', 1, 10),
  (307, '保险支付', 1, '0407', '04', 1, 70),
  (308, '商业保险', 2, '040701', '0407', 1, 10),
  (309, '健康险产品 / 公司', 3, '04070101', '040701', 1, 10),
  (310, 'TPA / 保险科技', 2, '040702', '0407', 1, 20),
  (311, '保险科技平台 / 服务', 3, '04070201', '040702', 1, 10),
  (312, '药品', 0, '05', NULL, 1, 50),
  (313, '化学制药', 1, '0501', '05', 1, 10),
  (314, '化学制剂', 2, '050101', '0501', 1, 10),
  (315, '创新小分子药', 3, '05010101', '050101', 1, 10),
  (316, '改良型新药', 3, '05010102', '050101', 1, 20),
  (317, '仿制药', 3, '05010103', '050101', 1, 30),
  (318, '减重领域小分子药', 3, '05010104', '050101', 1, 40),
  (319, '肿瘤靶向小分子药', 3, '05010105', '050101', 1, 50),
  (320, '自免领域小分子药', 3, '05010106', '050101', 1, 60),
  (321, '原料药', 2, '050102', '0501', 1, 20),
  (322, '高端原料药', 3, '05010201', '050102', 1, 10),
  (323, '特色原料药', 3, '05010202', '050102', 1, 20),
  (324, '大宗原料药', 3, '05010203', '050102', 1, 30),
  (325, '多肽原料药', 3, '05010204', '050102', 1, 40),
  (326, '生物制品', 1, '0502', '05', 1, 20),
  (327, '血液制品', 2, '050201', '0502', 1, 10),
  (328, '人血白蛋白', 3, '05020101', '050201', 1, 10),
  (329, '免疫球蛋白', 3, '05020102', '050201', 1, 20),
  (330, '凝血因子', 3, '05020103', '050201', 1, 30),
  (331, '疫苗', 2, '050202', '0502', 1, 20),
  (332, '预防性疫苗', 3, '05020201', '050202', 1, 10),
  (333, '治疗性疫苗', 3, '05020202', '050202', 1, 20),
  (334, 'mRNA 疫苗', 3, '05020203', '050202', 1, 30),
  (335, '乙肝治疗性疫苗', 3, '05020204', '050202', 1, 40),
  (336, '抗体药物', 2, '050203', '0502', 1, 30),
  (337, '双特异性抗体', 3, '05020301', '050203', 1, 10),
  (338, 'ADC（抗体偶联药物）', 3, '05020302', '050203', 1, 20),
  (339, '双抗 ADC', 3, '05020303', '050203', 1, 30),
  (340, '双载荷 ADC', 3, '05020304', '050203', 1, 40),
  (341, '单克隆抗体', 3, '05020305', '050203', 1, 50),
  (342, '髓系细胞衔接器（MCE）', 3, '05020306', '050203', 1, 60),
  (343, '蛋白药物', 2, '050204', '0502', 1, 40),
  (344, '重组蛋白药物', 3, '05020401', '050204', 1, 10),
  (345, '酶替代疗法', 3, '05020402', '050204', 1, 20),
  (346, '细胞因子', 3, '05020403', '050204', 1, 30),
  (347, '基因治疗', 2, '050205', '0502', 1, 50),
  (348, 'CAR-T（自体 / 通用型 / 体内 CAR-T）', 3, '05020501', '050205', 1, 10),
  (349, 'TIL 疗法', 3, '05020502', '050205', 1, 20),
  (350, '核酸药物', 3, '05020503', '050205', 1, 30),
  (351, '基因编辑疗法', 3, '05020504', '050205', 1, 40),
  (352, '现货型细胞疗法', 3, '05020505', '050205', 1, 50),
  (353, '中药', 1, '0503', '05', 1, 30),
  (354, '中药饮片', 2, '050301', '0503', 1, 10),
  (355, '传统饮片', 3, '05030101', '050301', 1, 10),
  (356, '配方颗粒', 3, '05030102', '050301', 1, 20),
  (357, '破壁饮片', 3, '05030103', '050301', 1, 30),
  (358, '中成药', 2, '050302', '0503', 1, 20),
  (359, '心脑血管类', 3, '05030201', '050302', 1, 10),
  (360, '呼吸系统类', 3, '05030202', '050302', 1, 20),
  (361, '抗肿瘤辅助类', 3, '05030203', '050302', 1, 30),
  (362, 'AI 药物研', 0, '06', NULL, 1, 60),
  (363, 'AI 药物研发平台', 1, '0601', '06', 1, 10),
  (364, '小分子 / AI 药物研发平台等', 2, '060101', '0601', 1, 10),
  (365, '小分子 / AI 药物研发平台', 3, '06010101', '060101', 1, 10),
  (366, 'DNA 编码化合物库技术', 3, '06010102', '060101', 1, 20),
  (367, '一站式 AI 赋能新药研发平台', 3, '06010103', '060101', 1, 30),
  (368, '计算设计平台', 3, '06010104', '060101', 1, 40),
  (369, 'AI + 疫苗研发平台', 3, '06010105', '060101', 1, 50),
  (370, 'AI CRO / 技术服务商', 1, '0602', '06', 1, 20),
  (371, 'AI 驱动的口服小分子药物等', 2, '060201', '0602', 1, 10),
  (372, 'AI 驱动的口服小分子药物', 3, '06020101', '060201', 1, 10),
  (373, '代谢增强型细胞疗法', 3, '06020102', '060201', 1, 20),
  (374, 'AI 驱动的大分子药物', 3, '06020103', '060201', 1, 30),
  (375, 'AI 设计的减重 / 代谢类药物', 3, '06020104', '060201', 1, 40),
  (376, 'AI 辅助临床试验设计', 3, '06020105', '060201', 1, 50),
  (377, '数字化 CRO 服务', 3, '06020106', '060201', 1, 60),
  (378, 'AI 自研管线企业', 1, '0603', '06', 1, 30),
  (379, 'AI 药物研发 SaaS 平台等', 2, '060301', '0603', 1, 10),
  (380, 'AI 药物研发 SaaS 平台', 3, '06030101', '060301', 1, 10),
  (381, 'AI 智能体', 3, '06030102', '060301', 1, 20),
  (382, 'AI 蛋白质设计平台', 3, '06030103', '060301', 1, 30),
  (383, 'AI 设计的抗肿瘤药物', 3, '06030104', '060301', 1, 40),
  (384, 'AI 优化的代谢类药物', 3, '06030105', '060301', 1, 50),
  (385, 'AI 驱动的神经免疫疗法', 3, '06030106', '060301', 1, 60),
  (386, 'AI 软件 / 工具平台', 1, '0604', '06', 1, 40),
  (387, 'AI + 神经免疫疗法等', 2, '060401', '0604', 1, 10),
  (388, 'AI + 神经免疫疗法', 3, '06040101', '060401', 1, 10),
  (389, 'AI + 疫苗研发', 3, '06040102', '060401', 1, 20),
  (390, 'AI + 多肽药物发现平台', 3, '06040103', '060401', 1, 30),
  (391, 'AI + 新型 ADC 化合物库开发', 3, '06040104', '060401', 1, 40),
  (392, 'AI 药物发现平台', 3, '06040105', '060401', 1, 50),
  (393, 'AI 蛋白质设计平台', 3, '06040106', '060401', 1, 60),
  (394, 'AI 临床试验优化平台', 3, '06040107', '060401', 1, 70),
  (395, 'AI 智能体平台', 3, '06040108', '060401', 1, 80),
  (396, 'AI + 特定领域研发', 1, '0605', '06', 1, 50),
  (397, '小分子及抗体类新药研发平台授权等', 2, '060501', '0605', 1, 10),
  (398, '小分子及抗体类新药研发平台授权', 3, '06050101', '060501', 1, 10),
  (399, 'AI 驱动的药物选择平台授权', 3, '06050102', '060501', 1, 20),
  (400, 'AI 平台用于大分子药物研发', 3, '06050103', '060501', 1, 30);

INSERT INTO `chain_industry` (`chain_id`, `chain_name`, `chain_des`) VALUES
  (1, '智慧医疗', '上游 · 研发与技术'),
  (2, '互联网+健康', '上游 · 研发与技术'),
  (3, '数字疗法', '上游 · 研发与技术'),
  (4, '前沿技术融合', '上游 · 研发与技术'),
  (5, 'AI 药物研发平台', '上游 · 研发与技术'),
  (6, 'AI CRO / 技术服务商', '上游 · 研发与技术'),
  (7, 'AI 自研管线企业', '上游 · 研发与技术'),
  (8, 'AI 软件 / 工具平台', '上游 · 研发与技术'),
  (9, 'AI + 特定领域研发', '上游 · 研发与技术'),
  (10, '体外诊断 (IVD)', '中游 · 产品与制造'),
  (11, '影像设备', '中游 · 产品与制造'),
  (12, '治疗设备', '中游 · 产品与制造'),
  (13, '生命信息支持设备', '中游 · 产品与制造'),
  (14, '康复设备', '中游 · 产品与制造'),
  (15, '辅助设备', '中游 · 产品与制造'),
  (16, '家用医疗设备', '中游 · 产品与制造'),
  (17, '高值医用耗材', '中游 · 产品与制造'),
  (18, '植入器械/材料', '中游 · 产品与制造'),
  (19, '低值医用耗材', '中游 · 产品与制造'),
  (20, '装备制造', '中游 · 产品与制造'),
  (21, '化学制药', '中游 · 产品与制造'),
  (22, '生物制品', '中游 · 产品与制造'),
  (23, '中药', '中游 · 产品与制造'),
  (24, '医药商业 / 流通', '下游 · 应用与服务'),
  (25, '医疗零售', '下游 · 应用与服务'),
  (26, '严肃医疗', '下游 · 应用与服务'),
  (27, '消费医疗', '下游 · 应用与服务'),
  (28, '互联网医疗', '下游 · 应用与服务'),
  (29, '第三方中心', '下游 · 应用与服务'),
  (30, '保险支付', '下游 · 应用与服务');

INSERT INTO `chain_industry_category_industry_map` (`chain_industry_category_industry_map_id`, `chain_id`, `category_id`) VALUES
  (1, 1, 2),
  (2, 2, 46),
  (3, 3, 88),
  (4, 4, 127),
  (5, 5, 363),
  (6, 6, 370),
  (7, 7, 378),
  (8, 8, 386),
  (9, 9, 396),
  (10, 10, 138),
  (11, 11, 151),
  (12, 12, 166),
  (13, 13, 181),
  (14, 14, 190),
  (15, 15, 195),
  (16, 16, 203),
  (17, 17, 212),
  (18, 18, 221),
  (19, 19, 239),
  (20, 20, 246),
  (21, 21, 313),
  (22, 22, 326),
  (23, 23, 353),
  (24, 24, 252),
  (25, 25, 260),
  (26, 26, 271),
  (27, 27, 279),
  (28, 28, 291),
  (29, 29, 298),
  (30, 30, 307);

INSERT INTO `company_tag_dimension` (`company_tag_dimension_id`, `company_tag_dimension_name`, `company_tag_dimension_color`, `company_tag_dimension_icon`, `company_tag_dimension_des`, `sort_order`) VALUES
  (1, '基本信息', NULL, NULL, NULL, 10),
  (2, '经营状况', NULL, NULL, NULL, 20),
  (3, '知识产权', NULL, NULL, NULL, 30),
  (4, '风险信息', NULL, NULL, NULL, 40),
  (5, '街道地区', NULL, NULL, NULL, 50),
  (6, '应用场景', NULL, NULL, NULL, 60),
  (10, '行业标签', NULL, NULL, '产业链与行业分类标签', 61);

INSERT INTO `company_tag_subdimension` (`company_tag_subdimension_id`, `company_tag_subdimension_name`, `company_tag_dimension_id`, `sort_order`) VALUES
  (1, '企业名称', 1, 10),
  (2, '统一社会信用代码', 1, 20),
  (3, '成立年限', 1, 30),
  (4, '注册资本', 1, 40),
  (5, '实缴资本', 1, 50),
  (6, '经营状态', 1, 60),
  (7, '企业类型', 1, 70),
  (8, '组织类型', 1, 80),
  (9, '投资类型', 1, 90),
  (10, '企业规模', 1, 100),
  (11, '分支机构数量', 1, 110),
  (12, '分支机构名称', 1, 120),
  (13, '地址信息', 1, 130),
  (14, '投融资轮次', 1, 140),
  (15, '员工人数', 2, 10),
  (16, '社保人数', 2, 20),
  (17, '上市状态', 2, 30),
  (18, '国标行业', 2, 40),
  (19, '联系方式', 2, 50),
  (20, '同电话企业', 2, 60),
  (21, '工商信息邮箱', 2, 70),
  (22, '小微企业', 2, 80),
  (23, '变更信息', 2, 90),
  (24, '一般纳税人', 2, 100),
  (25, '融资信息', 2, 110),
  (26, '招投标数量', 2, 120),
  (27, '招投标', 2, 130),
  (28, '招聘信息数量', 2, 140),
  (29, '招聘信息', 2, 150),
  (30, '税务评级', 2, 160),
  (31, '开户行', 2, 170),
  (32, '专利类型', 3, 10),
  (33, '企业科技属性', 3, 20),
  (34, '资质证书', 3, 30),
  (35, '商标信息', 3, 40),
  (36, '专利信息', 3, 50),
  (37, '作品著作权', 3, 60),
  (38, '软件著作权', 3, 70),
  (39, '高新技术企业', 3, 80),
  (40, '微信公众号', 3, 90),
  (41, '标准制定', 3, 100),
  (42, '网址信息', 3, 110),
  (43, '备案网站检测', 3, 120),
  (44, '商业特许经营', 3, 130),
  (45, '失信被执行', 4, 10),
  (46, '动产抵押', 4, 20),
  (47, '经营异常', 4, 30),
  (48, '法律文书', 4, 40),
  (49, '行政处罚', 4, 50),
  (50, '破产重叠', 4, 60),
  (51, '清算信息', 4, 70),
  (52, '环保处罚', 4, 80),
  (53, '股权冻结', 4, 90),
  (54, '被执行人', 4, 100),
  (55, '限制高消费', 4, 110),
  (56, '街道', 5, 10),
  (57, '地区', 5, 20),
  (58, '应用场景', 6, 10),
  (63, '产业链', 10, 1),
  (64, '行业分类', 10, 2);

INSERT INTO `company_tag_library` (`company_tag_id`, `company_tag_name`, `company_tag_subdimension_id`, `company_tag_level`, `sort_order`) VALUES
  (1, '1 年内', 3, NULL, 10),
  (2, '1-5 年', 3, NULL, 20),
  (3, '5-10 年', 3, NULL, 30),
  (4, '10-15 年', 3, NULL, 40),
  (5, '15 年以上', 3, NULL, 50),
  (6, '注册资本:0 万-100 万', 4, NULL, 10),
  (7, '注册资本:100 万-200 万', 4, NULL, 20),
  (8, '200 万- 500 万', 4, NULL, 30),
  (9, '500 万- 1000 万', 4, NULL, 40),
  (10, '1000 万以上', 4, NULL, 50),
  (11, '有实缴资本', 5, NULL, 10),
  (12, '无实缴资本', 5, NULL, 20),
  (13, '实缴资本:0 万-100 万', 5, NULL, 30),
  (14, '实缴资本:100 万-200 万', 5, NULL, 40),
  (15, '200 万-500 万', 5, NULL, 50),
  (16, '500 万-1000 万', 5, NULL, 60),
  (17, '1000 万-5000 万', 5, NULL, 70),
  (18, '5000 万以上', 5, NULL, 80),
  (19, '存续', 6, NULL, 10),
  (20, '国有企业', 7, NULL, 10),
  (21, '集体所有制企业', 7, NULL, 20),
  (22, '股份合作企业', 7, NULL, 30),
  (23, '联营企业', 7, NULL, 40),
  (24, '有限责任公司', 7, NULL, 50),
  (25, '普通合伙', 7, NULL, 60),
  (26, '有限合伙', 7, NULL, 70),
  (27, '股份有限公司', 7, NULL, 80),
  (28, '私营企业', 7, NULL, 90),
  (29, '民营企业', 7, NULL, 100),
  (30, '个体工商户', 7, NULL, 110),
  (31, '港澳台投资', 7, NULL, 120),
  (32, '外商投资', 7, NULL, 130),
  (33, '全民所有制', 7, NULL, 140),
  (34, '个人独资企业', 7, NULL, 150),
  (35, '农民专业合作社（联合社）', 7, NULL, 160),
  (36, '其他', 7, NULL, 170),
  (37, '组织类型:新三板', 8, NULL, 10),
  (38, '上市公司', 8, NULL, 20),
  (39, '社会组织', 8, NULL, 30),
  (40, '律师事务所', 8, NULL, 40),
  (41, '香港企业', 8, NULL, 50),
  (42, '台湾企业', 8, NULL, 60),
  (43, '机关单位', 8, NULL, 70),
  (44, '事业单位', 8, NULL, 80),
  (45, '学校', 8, NULL, 90),
  (46, '大型企业', 10, NULL, 20),
  (47, '中型企业', 10, NULL, 30),
  (48, '小型企业', 10, NULL, 40),
  (49, '微型企业', 10, NULL, 50),
  (50, '有分支机构', 11, NULL, 20),
  (51, '无分支机构', 11, NULL, 30),
  (52, '有企业地址', 13, NULL, 20),
  (53, '无企业地址', 13, NULL, 30),
  (54, '种子轮', 14, NULL, 10),
  (55, '天使轮', 14, NULL, 20),
  (56, 'A 轮', 14, NULL, 30),
  (57, 'B 轮', 14, NULL, 40),
  (58, 'C 轮', 14, NULL, 50),
  (59, 'D 轮及以上', 14, NULL, 60),
  (60, '战略融资', 14, NULL, 70),
  (61, '未融资', 14, NULL, 80),
  (62, '投融资轮次:有融资', 14, NULL, 90),
  (63, '投融资轮次:无融资', 14, NULL, 100),
  (64, '员工人数:小于 50 人', 15, NULL, 10),
  (65, '员工人数:50-99 人', 15, NULL, 20),
  (66, '员工人数:100-499 人', 15, NULL, 30),
  (67, '员工人数:500 人以上', 15, NULL, 40),
  (68, '未披露', 15, NULL, 50),
  (69, '社保人数:小于 50 人', 16, NULL, 10),
  (70, '社保人数:50-99 人', 16, NULL, 20),
  (71, '社保人数:100-499 人', 16, NULL, 30),
  (72, '社保人数:500 人以上', 16, NULL, 40),
  (73, 'A 股', 17, NULL, 10),
  (74, '中概股', 17, NULL, 20),
  (75, '港股', 17, NULL, 30),
  (76, '科创板', 17, NULL, 40),
  (77, '上市状态:新三板', 17, NULL, 50),
  (78, '有联系电话', 19, NULL, 20),
  (79, '有固定电话', 19, NULL, 30),
  (80, '有手机号', 19, NULL, 40),
  (81, '有工商信息邮箱', 21, NULL, 20),
  (82, '无工商信息邮箱', 21, NULL, 30),
  (83, '是小微企业', 22, NULL, 20),
  (84, '非小微企业', 22, NULL, 30),
  (85, '有变更信息', 23, NULL, 20),
  (86, '无变更信息', 23, NULL, 30),
  (87, '一般纳税人', 24, NULL, 20),
  (88, '非一般纳税人', 24, NULL, 30),
  (89, '融资信息:有融资', 25, NULL, 20),
  (90, '融资信息:无融资', 25, NULL, 30),
  (91, '有招投标', 27, NULL, 20),
  (92, '无招投标', 27, NULL, 30),
  (93, '有招聘', 29, NULL, 20),
  (94, '无招聘', 29, NULL, 30),
  (95, 'A 级', 30, NULL, 20),
  (96, '国有大型企业', 31, NULL, 10),
  (97, '股份制商业银行', 31, NULL, 20),
  (98, '城市商业银行', 31, NULL, 30),
  (99, '农业商业银行', 31, NULL, 40),
  (100, '发明公布', 32, NULL, 10),
  (101, '发明授权', 32, NULL, 20),
  (102, '实用新型', 32, NULL, 30),
  (103, '外观设计', 32, NULL, 40),
  (104, '高新企业', 33, NULL, 10),
  (105, '科技型中小企业', 33, NULL, 20),
  (106, '瞪羚企业', 33, NULL, 30),
  (107, '国家级技术创新示范企业', 33, NULL, 40),
  (108, '省级技术创新示范企业', 33, NULL, 50),
  (109, '国家级企业技术中心', 33, NULL, 60),
  (110, '省级企业技术中心', 33, NULL, 70),
  (111, '国家备案众创空间', 33, NULL, 80),
  (112, '国家级科技企业孵化器', 33, NULL, 90),
  (113, '省级科技企业孵化器', 33, NULL, 100),
  (114, '国家火炬计划项目', 33, NULL, 110),
  (115, '技术先进型服务企业', 33, NULL, 120),
  (116, '民营科技企业', 33, NULL, 130),
  (117, '专精特新企业', 33, NULL, 140),
  (118, '科技小巨人企业', 33, NULL, 150),
  (119, '专精特新小巨人', 33, NULL, 160),
  (120, '创新型企业', 33, NULL, 170),
  (121, '创新型试点企业', 33, NULL, 180),
  (122, '创新型领军企业', 33, NULL, 190),
  (123, '雏鹰企业', 33, NULL, 200),
  (124, '隐形冠军', 33, NULL, 210),
  (125, '牛羚企业', 33, NULL, 220),
  (126, '独角兽企业', 33, NULL, 230),
  (127, '未来独角兽企业', 33, NULL, 240),
  (128, '潜在独角兽企业', 33, NULL, 250),
  (129, '种子独角兽企业', 33, NULL, 260),
  (130, '有商标', 35, NULL, 20),
  (131, '无商标', 35, NULL, 30),
  (132, '有专利', 36, NULL, 20),
  (133, '无专利', 36, NULL, 30),
  (134, '有作品著作权', 37, NULL, 20),
  (135, '无作品著作权', 37, NULL, 30),
  (136, '有软件著作权', 38, NULL, 20),
  (137, '无软件著作权', 38, NULL, 30),
  (138, '是高新技术企业', 39, NULL, 20),
  (139, '不是高新技术企业', 39, NULL, 30),
  (140, '有微信公众号', 40, NULL, 20),
  (141, '无微信公众号', 40, NULL, 30),
  (142, '有制定标准', 41, NULL, 20),
  (143, '无制定标准', 41, NULL, 30),
  (144, '有网址信息', 42, NULL, 20),
  (145, '无网址信息', 42, NULL, 30),
  (146, '有 ICP 备案', 43, NULL, 20),
  (147, '无 ICP 备案', 43, NULL, 30),
  (148, '有商业特许经营', 44, NULL, 20),
  (149, '无商业特许经营', 44, NULL, 30),
  (150, '有失信被执行', 45, NULL, 20),
  (151, '无失信被执行', 45, NULL, 30),
  (152, '有动产抵押', 46, NULL, 20),
  (153, '无动产抵押', 46, NULL, 30),
  (154, '有经营异常', 47, NULL, 20),
  (155, '无经营异常', 47, NULL, 30),
  (156, '有法律文书', 48, NULL, 20),
  (157, '无法律文书', 48, NULL, 30),
  (158, '有行政处罚', 49, NULL, 20),
  (159, '无行政处罚', 49, NULL, 30),
  (160, '有破产重叠', 50, NULL, 20),
  (161, '无破产重叠', 50, NULL, 30),
  (162, '有清算信息', 51, NULL, 20),
  (163, '无清算信息', 51, NULL, 30),
  (164, '有环保处罚', 52, NULL, 20),
  (165, '无环保处罚', 52, NULL, 30),
  (166, '有股权冻结', 53, NULL, 20),
  (167, '无股权冻结', 53, NULL, 30),
  (168, '有被执行人', 54, NULL, 20),
  (169, '无被执行人', 54, NULL, 30),
  (170, '有限制高消费', 55, NULL, 20),
  (171, '无限制高消费', 55, NULL, 30),
  (172, '朝外街道', 56, NULL, 10),
  (173, '劲松街道', 56, NULL, 20),
  (174, '建外街道', 56, NULL, 30),
  (175, '呼家楼街道', 56, NULL, 40),
  (176, '八里庄街道', 56, NULL, 50),
  (177, '三里屯街道', 56, NULL, 60),
  (178, '团结湖街道', 56, NULL, 70),
  (179, '双井街道', 56, NULL, 80),
  (180, '垡头街道', 56, NULL, 90),
  (181, '左家庄街道', 56, NULL, 100),
  (182, '小关街道', 56, NULL, 110),
  (183, '和平街街道', 56, NULL, 120),
  (184, '酒仙桥街道', 56, NULL, 130),
  (185, '首都机场街道', 56, NULL, 140),
  (186, '潘家园街道', 56, NULL, 150),
  (187, '六里屯街道', 56, NULL, 160),
  (188, '麦子店街道', 56, NULL, 170),
  (189, '香河园街道', 56, NULL, 180),
  (190, '亚运村街道', 56, NULL, 190),
  (191, '望京街道', 56, NULL, 200),
  (192, '安贞街道', 56, NULL, 210),
  (193, '大屯街道', 56, NULL, 220),
  (194, '奥运村街道', 56, NULL, 230),
  (195, '东湖街道', 56, NULL, 240),
  (196, '南磨房地区', 57, NULL, 10),
  (197, '高碑店地区', 57, NULL, 20),
  (198, '将台地区', 57, NULL, 30),
  (199, '太阳宫地区', 57, NULL, 40),
  (200, '小红门地区', 57, NULL, 50),
  (201, '十八里店地区', 57, NULL, 60),
  (202, '三间房地区', 57, NULL, 70),
  (203, '东风地区', 57, NULL, 80),
  (204, '常营地区', 57, NULL, 90),
  (205, '管庄地区', 57, NULL, 100),
  (206, '孙河地区', 57, NULL, 110),
  (207, '王四营地区', 57, NULL, 120),
  (208, '东坝地区', 57, NULL, 130),
  (209, '黑庄户地区', 57, NULL, 140),
  (210, '崔各庄地区', 57, NULL, 150),
  (211, '豆各庄地区', 57, NULL, 160),
  (212, '金盏地区', 57, NULL, 170),
  (213, '平房地区', 57, NULL, 180),
  (214, '来广营地区', 57, NULL, 190),
  (215, '健康管理', 58, NULL, 10),
  (216, '患者社区', 58, NULL, 20),
  (217, '健康和疾病咨询', 58, NULL, 30),
  (218, '就诊挂号', 58, NULL, 40),
  (219, '就诊服务', 58, NULL, 50),
  (220, '转诊服务', 58, NULL, 60),
  (221, '诊后服务', 58, NULL, 70),
  (222, '疾病诊断', 58, NULL, 80),
  (223, '疾病治疗', 58, NULL, 90),
  (224, '康复治疗', 58, NULL, 100),
  (225, '疾病预防', 58, NULL, 110),
  (226, '中医科', 58, NULL, 120),
  (227, '口腔科', 58, NULL, 130),
  (228, '眼科', 58, NULL, 140),
  (229, '疼痛科', 58, NULL, 150),
  (230, '辅助科室', 58, NULL, 160),
  (231, '精神科', 58, NULL, 170),
  (232, '行政管理', 58, NULL, 180),
  (233, '后勤支持', 58, NULL, 190),
  (234, '肿瘤', 58, NULL, 200),
  (235, '心血管疾病', 58, NULL, 210),
  (236, '感染性疾病', 58, NULL, 220),
  (237, '内分泌系统疾病', 58, NULL, 230),
  (238, '代谢性疾病', 58, NULL, 240),
  (239, '精神类疾病', 58, NULL, 250),
  (240, '神经系统疾病', 58, NULL, 260),
  (241, '呼吸系统疾病', 58, NULL, 270),
  (242, '血液系统疾病', 58, NULL, 280),
  (243, '消化系统疾病', 58, NULL, 290),
  (244, '眼部疾病', 58, NULL, 300),
  (245, '皮肤疾病', 58, NULL, 310),
  (246, '生殖系统疾病', 58, NULL, 320),
  (247, '罕见病', 58, NULL, 330),
  (248, '泌尿系统疾病', 58, NULL, 340),
  (249, '慢性病', 58, NULL, 350),
  (250, '脑部疾病', 58, NULL, 360),
  (251, '运动系统疾病', 58, NULL, 370),
  (252, '骨科', 58, NULL, 380),
  (315, '智慧医疗', 63, NULL, 1),
  (316, '互联网+健康', 63, NULL, 2),
  (317, '数字疗法', 63, NULL, 3),
  (318, '前沿技术融合', 63, NULL, 4),
  (319, 'AI 药物研发平台', 63, NULL, 5),
  (320, 'AI CRO / 技术服务商', 63, NULL, 6),
  (321, 'AI 自研管线企业', 63, NULL, 7),
  (322, 'AI 软件 / 工具平台', 63, NULL, 8),
  (323, 'AI + 特定领域研发', 63, NULL, 9),
  (324, '体外诊断 (IVD)', 63, NULL, 10),
  (325, '影像设备', 63, NULL, 11),
  (326, '治疗设备', 63, NULL, 12),
  (327, '生命信息支持设备', 63, NULL, 13),
  (328, '康复设备', 63, NULL, 14),
  (329, '辅助设备', 63, NULL, 15),
  (330, '家用医疗设备', 63, NULL, 16),
  (331, '高值医用耗材', 63, NULL, 17),
  (332, '植入器械/材料', 63, NULL, 18),
  (333, '低值医用耗材', 63, NULL, 19),
  (334, '装备制造', 63, NULL, 20),
  (335, '化学制药', 63, NULL, 21),
  (336, '生物制品', 63, NULL, 22),
  (337, '中药', 63, NULL, 23),
  (338, '医药商业 / 流通', 63, NULL, 24),
  (339, '医疗零售', 63, NULL, 25),
  (340, '严肃医疗', 63, NULL, 26),
  (341, '消费医疗', 63, NULL, 27),
  (342, '互联网医疗', 63, NULL, 28),
  (343, '第三方中心', 63, NULL, 29),
  (344, '保险支付', 63, NULL, 30),
  (345, '智慧医疗（0101）', 64, NULL, 2),
  (346, '前沿技术融合（0201）', 64, NULL, 127),
  (347, '体外诊断 (IVD)（0301）', 64, NULL, 138),
  (348, '医药商业 / 流通（0401）', 64, NULL, 252),
  (349, '化学制药（0501）', 64, NULL, 313),
  (350, '互联网+健康（0102）', 64, NULL, 46),
  (351, '影像设备（0302）', 64, NULL, 151),
  (352, '医疗零售（0402）', 64, NULL, 260),
  (353, '生物制品（0502）', 64, NULL, 326),
  (354, '数字疗法（0103）', 64, NULL, 88),
  (355, '治疗设备（0303）', 64, NULL, 166),
  (356, '严肃医疗（0403）', 64, NULL, 271),
  (357, '中药（0503）', 64, NULL, 353),
  (358, '消费医疗（0404）', 64, NULL, 279),
  (359, '康复设备（0305）', 64, NULL, 190),
  (360, '互联网医疗（0405）', 64, NULL, 291),
  (361, '第三方中心（0406）', 64, NULL, 298),
  (362, '保险支付（0407）', 64, NULL, 307),
  (363, '植入器械/材料（0309）', 64, NULL, 221),
  (364, '低值医用耗材（0310）', 64, NULL, 239),
  (365, '装备制造（0311）', 64, NULL, 246);

INSERT INTO `company_tag_auto_rule` (`company_tag_auto_rule_id`, `company_tag_id`, `company_tag_auto_rule_type`, `rule_definition`, `is_enabled`) VALUES
  (1, 1, 'derived_rule', '{"version":1,"tag_name":"1 年内","subdimension_name":"成立年限","exclusive_group":"age_established_range","description":"成立未满 1 年","logic":{"op":"age_years_range","field":"establish_date","min":0,"max":1}}', 1),
  (2, 2, 'derived_rule', '{"version":1,"tag_name":"1-5 年","subdimension_name":"成立年限","exclusive_group":"age_established_range","description":"成立 1 至 5 年","logic":{"op":"age_years_range","field":"establish_date","min":1,"max":5}}', 1),
  (3, 3, 'derived_rule', '{"version":1,"tag_name":"5-10 年","subdimension_name":"成立年限","exclusive_group":"age_established_range","description":"成立 5 至 10 年","logic":{"op":"age_years_range","field":"establish_date","min":5,"max":10}}', 1),
  (4, 4, 'derived_rule', '{"version":1,"tag_name":"10-15 年","subdimension_name":"成立年限","exclusive_group":"age_established_range","description":"成立 10 至 15 年","logic":{"op":"age_years_range","field":"establish_date","min":10,"max":15}}', 1),
  (5, 5, 'derived_rule', '{"version":1,"tag_name":"15 年以上","subdimension_name":"成立年限","exclusive_group":"age_established_range","description":"成立 15 年及以上","logic":{"op":"age_years_range","field":"establish_date","min":15}}', 1),
  (6, 6, 'derived_rule', '{"version":1,"tag_name":"注册资本:0 万-100 万","subdimension_name":"注册资本","exclusive_group":"register_capital_range","description":"注册资本在 0 至 100 万之间","logic":{"op":"numeric_range","field":"register_capital","min":0,"max":100}}', 1),
  (7, 7, 'derived_rule', '{"version":1,"tag_name":"注册资本:100 万-200 万","subdimension_name":"注册资本","exclusive_group":"register_capital_range","description":"注册资本在 100 至 200 万之间","logic":{"op":"numeric_range","field":"register_capital","min":100,"max":200}}', 1),
  (8, 8, 'derived_rule', '{"version":1,"tag_name":"200 万- 500 万","subdimension_name":"注册资本","exclusive_group":"register_capital_range","description":"注册资本在 200 至 500 万之间","logic":{"op":"numeric_range","field":"register_capital","min":200,"max":500}}', 1),
  (9, 9, 'derived_rule', '{"version":1,"tag_name":"500 万- 1000 万","subdimension_name":"注册资本","exclusive_group":"register_capital_range","description":"注册资本在 500 至 1000 万之间","logic":{"op":"numeric_range","field":"register_capital","min":500,"max":1000}}', 1),
  (10, 10, 'derived_rule', '{"version":1,"tag_name":"1000 万以上","subdimension_name":"注册资本","exclusive_group":"register_capital_range","description":"注册资本在 1000 万及以上","logic":{"op":"numeric_range","field":"register_capital","min":1000}}', 1),
  (11, 11, 'derived_rule', '{"version":1,"tag_name":"有实缴资本","subdimension_name":"实缴资本","exclusive_group":"paid_capital_presence","description":"实缴资本大于 0","logic":{"op":"numeric_compare","field":"paid_capital","gt":0}}', 1),
  (12, 12, 'derived_rule', '{"version":1,"tag_name":"无实缴资本","subdimension_name":"实缴资本","exclusive_group":"paid_capital_presence","description":"实缴资本为空或小于等于 0","logic":{"op":"not","rule":{"op":"numeric_compare","field":"paid_capital","gt":0}}}', 1),
  (13, 13, 'derived_rule', '{"version":1,"tag_name":"实缴资本:0 万-100 万","subdimension_name":"实缴资本","exclusive_group":"paid_capital_range","description":"实缴资本在 0 至 100 万之间","logic":{"op":"numeric_range","field":"paid_capital","min":0,"max":100}}', 1),
  (14, 14, 'derived_rule', '{"version":1,"tag_name":"实缴资本:100 万-200 万","subdimension_name":"实缴资本","exclusive_group":"paid_capital_range","description":"实缴资本在 100 至 200 万之间","logic":{"op":"numeric_range","field":"paid_capital","min":100,"max":200}}', 1),
  (15, 15, 'derived_rule', '{"version":1,"tag_name":"200 万-500 万","subdimension_name":"实缴资本","exclusive_group":"paid_capital_range","description":"实缴资本在 200 至 500 万之间","logic":{"op":"numeric_range","field":"paid_capital","min":200,"max":500}}', 1),
  (16, 16, 'derived_rule', '{"version":1,"tag_name":"500 万-1000 万","subdimension_name":"实缴资本","exclusive_group":"paid_capital_range","description":"实缴资本在 500 至 1000 万之间","logic":{"op":"numeric_range","field":"paid_capital","min":500,"max":1000}}', 1),
  (17, 17, 'derived_rule', '{"version":1,"tag_name":"1000 万-5000 万","subdimension_name":"实缴资本","exclusive_group":"paid_capital_range","description":"实缴资本在 1000 至 5000 万之间","logic":{"op":"numeric_range","field":"paid_capital","min":1000,"max":5000}}', 1),
  (18, 18, 'derived_rule', '{"version":1,"tag_name":"5000 万以上","subdimension_name":"实缴资本","exclusive_group":"paid_capital_range","description":"实缴资本在 5000 万及以上","logic":{"op":"numeric_range","field":"paid_capital","min":5000}}', 1),
  (19, 50, 'direct_match', '{"version":1,"tag_name":"有分支机构","subdimension_name":"分支机构数量","exclusive_group":"branch_presence","description":"分支机构数量大于 0","logic":{"op":"numeric_compare","field":"branch_count","gt":0}}', 1),
  (20, 51, 'direct_match', '{"version":1,"tag_name":"无分支机构","subdimension_name":"分支机构数量","exclusive_group":"branch_presence","description":"分支机构数量等于 0","logic":{"op":"numeric_compare","field":"branch_count","eq":0}}', 1),
  (21, 52, 'direct_match', '{"version":1,"tag_name":"有企业地址","subdimension_name":"地址信息","exclusive_group":"address_presence","description":"存在注册地址或地址明细","logic":{"op":"boolean_true","field":"has_address"}}', 1),
  (22, 53, 'direct_match', '{"version":1,"tag_name":"无企业地址","subdimension_name":"地址信息","exclusive_group":"address_presence","description":"不存在注册地址且无地址明细","logic":{"op":"boolean_false","field":"has_address"}}', 1),
  (23, 64, 'derived_rule', '{"version":1,"tag_name":"员工人数:小于 50 人","subdimension_name":"员工人数","exclusive_group":"employee_count_range","description":"员工人数小于 50","logic":{"op":"numeric_range","field":"employee_count","min":0,"max":50}}', 1),
  (24, 65, 'derived_rule', '{"version":1,"tag_name":"员工人数:50-99 人","subdimension_name":"员工人数","exclusive_group":"employee_count_range","description":"员工人数在 50 至 99","logic":{"op":"numeric_range","field":"employee_count","min":50,"max":100}}', 1),
  (25, 66, 'derived_rule', '{"version":1,"tag_name":"员工人数:100-499 人","subdimension_name":"员工人数","exclusive_group":"employee_count_range","description":"员工人数在 100 至 499","logic":{"op":"numeric_range","field":"employee_count","min":100,"max":500}}', 1),
  (26, 67, 'derived_rule', '{"version":1,"tag_name":"员工人数:500 人以上","subdimension_name":"员工人数","exclusive_group":"employee_count_range","description":"员工人数在 500 及以上","logic":{"op":"numeric_range","field":"employee_count","min":500}}', 1),
  (27, 68, 'derived_rule', '{"version":1,"tag_name":"未披露","subdimension_name":"员工人数","exclusive_group":"employee_count_range","description":"员工人数未披露","logic":{"op":"is_null","field":"employee_count"}}', 1),
  (28, 69, 'derived_rule', '{"version":1,"tag_name":"社保人数:小于 50 人","subdimension_name":"社保人数","exclusive_group":"insured_count_range","description":"社保人数小于 50","logic":{"op":"numeric_range","field":"insured_count","min":0,"max":50}}', 1),
  (29, 70, 'derived_rule', '{"version":1,"tag_name":"社保人数:50-99 人","subdimension_name":"社保人数","exclusive_group":"insured_count_range","description":"社保人数在 50 至 99","logic":{"op":"numeric_range","field":"insured_count","min":50,"max":100}}', 1),
  (30, 71, 'derived_rule', '{"version":1,"tag_name":"社保人数:100-499 人","subdimension_name":"社保人数","exclusive_group":"insured_count_range","description":"社保人数在 100 至 499","logic":{"op":"numeric_range","field":"insured_count","min":100,"max":500}}', 1),
  (31, 72, 'derived_rule', '{"version":1,"tag_name":"社保人数:500 人以上","subdimension_name":"社保人数","exclusive_group":"insured_count_range","description":"社保人数在 500 及以上","logic":{"op":"numeric_range","field":"insured_count","min":500}}', 1),
  (32, 78, 'derived_rule', '{"version":1,"tag_name":"有联系电话","subdimension_name":"联系方式","exclusive_group":null,"description":"企业存在至少一个联系电话","logic":{"op":"phone_any"}}', 1),
  (33, 79, 'derived_rule', '{"version":1,"tag_name":"有固定电话","subdimension_name":"联系方式","exclusive_group":null,"description":"联系电话中命中固定电话模式","logic":{"op":"phone_regex","pattern":"0[0-9]{2,3}-?[0-9]{7,8}"}}', 1),
  (34, 80, 'derived_rule', '{"version":1,"tag_name":"有手机号","subdimension_name":"联系方式","exclusive_group":null,"description":"联系电话中命中手机号模式","logic":{"op":"phone_regex","pattern":"1[3-9][0-9]{9}"}}', 1),
  (35, 81, 'direct_match', '{"version":1,"tag_name":"有工商信息邮箱","subdimension_name":"工商信息邮箱","exclusive_group":"business_email_presence","description":"工商邮箱非空","logic":{"op":"non_empty","field":"email_business"}}', 1),
  (36, 82, 'direct_match', '{"version":1,"tag_name":"无工商信息邮箱","subdimension_name":"工商信息邮箱","exclusive_group":"business_email_presence","description":"工商邮箱为空","logic":{"op":"is_empty","field":"email_business"}}', 1),
  (37, 83, 'direct_match', '{"version":1,"tag_name":"是小微企业","subdimension_name":"小微企业","exclusive_group":"micro_enterprise","description":"is_micro_enterprise = 1","logic":{"op":"numeric_compare","field":"is_micro_enterprise","eq":1}}', 1),
  (38, 84, 'direct_match', '{"version":1,"tag_name":"非小微企业","subdimension_name":"小微企业","exclusive_group":"micro_enterprise","description":"is_micro_enterprise = 0","logic":{"op":"numeric_compare","field":"is_micro_enterprise","eq":0}}', 1),
  (39, 87, 'direct_match', '{"version":1,"tag_name":"一般纳税人","subdimension_name":"一般纳税人","exclusive_group":"general_taxpayer","description":"is_general_taxpayer = 1","logic":{"op":"numeric_compare","field":"is_general_taxpayer","eq":1}}', 1),
  (40, 88, 'direct_match', '{"version":1,"tag_name":"非一般纳税人","subdimension_name":"一般纳税人","exclusive_group":"general_taxpayer","description":"is_general_taxpayer = 0","logic":{"op":"numeric_compare","field":"is_general_taxpayer","eq":0}}', 1),
  (41, 93, 'direct_match', '{"version":1,"tag_name":"有招聘","subdimension_name":"招聘信息","exclusive_group":"recruitment_presence","description":"招聘布尔标记为 1 或招聘数量大于 0","logic":{"op":"or","rules":[{"op":"numeric_compare","field":"has_recruitment","eq":1},{"op":"numeric_compare","field":"recruit_count","gt":0}]}}', 1),
  (42, 94, 'direct_match', '{"version":1,"tag_name":"无招聘","subdimension_name":"招聘信息","exclusive_group":"recruitment_presence","description":"招聘布尔标记为 0 且招聘数量为 0","logic":{"op":"and","rules":[{"op":"numeric_compare","field":"has_recruitment","eq":0},{"op":"numeric_compare","field":"recruit_count","eq":0}]}}', 1),
  (43, 132, 'direct_match', '{"version":1,"tag_name":"有专利","subdimension_name":"专利信息","exclusive_group":"patent_presence","description":"专利布尔标记为 1 或专利数量大于 0","logic":{"op":"or","rules":[{"op":"numeric_compare","field":"has_patent","eq":1},{"op":"numeric_compare","field":"patent_count","gt":0}]}}', 1),
  (44, 133, 'direct_match', '{"version":1,"tag_name":"无专利","subdimension_name":"专利信息","exclusive_group":"patent_presence","description":"专利布尔标记为 0 且专利数量为 0","logic":{"op":"and","rules":[{"op":"numeric_compare","field":"has_patent","eq":0},{"op":"numeric_compare","field":"patent_count","eq":0}]}}', 1),
  (45, 134, 'direct_match', '{"version":1,"tag_name":"有作品著作权","subdimension_name":"作品著作权","exclusive_group":"work_copyright_presence","description":"作品著作权布尔标记为 1 或数量大于 0","logic":{"op":"or","rules":[{"op":"numeric_compare","field":"has_work_copyright","eq":1},{"op":"numeric_compare","field":"work_copyright_count","gt":0}]}}', 1),
  (46, 135, 'direct_match', '{"version":1,"tag_name":"无作品著作权","subdimension_name":"作品著作权","exclusive_group":"work_copyright_presence","description":"作品著作权布尔标记为 0 且数量为 0","logic":{"op":"and","rules":[{"op":"numeric_compare","field":"has_work_copyright","eq":0},{"op":"numeric_compare","field":"work_copyright_count","eq":0}]}}', 1),
  (47, 136, 'direct_match', '{"version":1,"tag_name":"有软件著作权","subdimension_name":"软件著作权","exclusive_group":"software_copyright_presence","description":"软件著作权布尔标记为 1 或数量大于 0","logic":{"op":"or","rules":[{"op":"numeric_compare","field":"has_software_copyright","eq":1},{"op":"numeric_compare","field":"software_copyright_count","gt":0}]}}', 1),
  (48, 137, 'direct_match', '{"version":1,"tag_name":"无软件著作权","subdimension_name":"软件著作权","exclusive_group":"software_copyright_presence","description":"软件著作权布尔标记为 0 且数量为 0","logic":{"op":"and","rules":[{"op":"numeric_compare","field":"has_software_copyright","eq":0},{"op":"numeric_compare","field":"software_copyright_count","eq":0}]}}', 1),
  (49, 138, 'direct_match', '{"version":1,"tag_name":"是高新技术企业","subdimension_name":"高新技术企业","exclusive_group":"high_tech_enterprise","description":"is_high_tech_enterprise = 1","logic":{"op":"numeric_compare","field":"is_high_tech_enterprise","eq":1}}', 1),
  (50, 139, 'direct_match', '{"version":1,"tag_name":"不是高新技术企业","subdimension_name":"高新技术企业","exclusive_group":"high_tech_enterprise","description":"is_high_tech_enterprise = 0","logic":{"op":"numeric_compare","field":"is_high_tech_enterprise","eq":0}}', 1),
  (51, 150, 'direct_match', '{"version":1,"tag_name":"有失信被执行","subdimension_name":"失信被执行","exclusive_group":"risk_dishonest_execution","description":"失信被执行布尔标记为 1 或数量大于 0","logic":{"op":"or","rules":[{"op":"numeric_compare","field":"has_dishonest_execution","eq":1},{"op":"numeric_compare","field":"dishonest_execution_count","gt":0}]}}', 1),
  (52, 151, 'direct_match', '{"version":1,"tag_name":"无失信被执行","subdimension_name":"失信被执行","exclusive_group":"risk_dishonest_execution","description":"失信被执行布尔标记为 0 且数量为 0","logic":{"op":"and","rules":[{"op":"numeric_compare","field":"has_dishonest_execution","eq":0},{"op":"numeric_compare","field":"dishonest_execution_count","eq":0}]}}', 1),
  (53, 152, 'direct_match', '{"version":1,"tag_name":"有动产抵押","subdimension_name":"动产抵押","exclusive_group":"risk_chattel_mortgage","description":"动产抵押布尔标记为 1 或数量大于 0","logic":{"op":"or","rules":[{"op":"numeric_compare","field":"has_chattel_mortgage","eq":1},{"op":"numeric_compare","field":"chattel_mortgage_count","gt":0}]}}', 1),
  (54, 153, 'direct_match', '{"version":1,"tag_name":"无动产抵押","subdimension_name":"动产抵押","exclusive_group":"risk_chattel_mortgage","description":"动产抵押布尔标记为 0 且数量为 0","logic":{"op":"and","rules":[{"op":"numeric_compare","field":"has_chattel_mortgage","eq":0},{"op":"numeric_compare","field":"chattel_mortgage_count","eq":0}]}}', 1),
  (55, 154, 'direct_match', '{"version":1,"tag_name":"有经营异常","subdimension_name":"经营异常","exclusive_group":"risk_business_abnormal","description":"经营异常布尔标记为 1 或数量大于 0","logic":{"op":"or","rules":[{"op":"numeric_compare","field":"has_business_abnormal","eq":1},{"op":"numeric_compare","field":"business_abnormal_count","gt":0}]}}', 1),
  (56, 155, 'direct_match', '{"version":1,"tag_name":"无经营异常","subdimension_name":"经营异常","exclusive_group":"risk_business_abnormal","description":"经营异常布尔标记为 0 且数量为 0","logic":{"op":"and","rules":[{"op":"numeric_compare","field":"has_business_abnormal","eq":0},{"op":"numeric_compare","field":"business_abnormal_count","eq":0}]}}', 1),
  (57, 156, 'direct_match', '{"version":1,"tag_name":"有法律文书","subdimension_name":"法律文书","exclusive_group":"risk_legal_document","description":"法律文书布尔标记为 1 或数量大于 0","logic":{"op":"or","rules":[{"op":"numeric_compare","field":"has_legal_document","eq":1},{"op":"numeric_compare","field":"legal_doc_all_count","gt":0}]}}', 1),
  (58, 157, 'direct_match', '{"version":1,"tag_name":"无法律文书","subdimension_name":"法律文书","exclusive_group":"risk_legal_document","description":"法律文书布尔标记为 0 且数量为 0","logic":{"op":"and","rules":[{"op":"numeric_compare","field":"has_legal_document","eq":0},{"op":"numeric_compare","field":"legal_doc_all_count","eq":0}]}}', 1),
  (59, 158, 'direct_match', '{"version":1,"tag_name":"有行政处罚","subdimension_name":"行政处罚","exclusive_group":"risk_admin_penalty","description":"行政处罚布尔标记为 1 或数量大于 0","logic":{"op":"or","rules":[{"op":"numeric_compare","field":"has_admin_penalty","eq":1},{"op":"numeric_compare","field":"admin_penalty_count","gt":0}]}}', 1),
  (60, 159, 'direct_match', '{"version":1,"tag_name":"无行政处罚","subdimension_name":"行政处罚","exclusive_group":"risk_admin_penalty","description":"行政处罚布尔标记为 0 且数量为 0","logic":{"op":"and","rules":[{"op":"numeric_compare","field":"has_admin_penalty","eq":0},{"op":"numeric_compare","field":"admin_penalty_count","eq":0}]}}', 1),
  (61, 160, 'direct_match', '{"version":1,"tag_name":"有破产重叠","subdimension_name":"破产重叠","exclusive_group":"risk_bankruptcy_overlap","description":"破产重叠布尔标记为 1 或数量大于 0","logic":{"op":"or","rules":[{"op":"numeric_compare","field":"has_bankruptcy_overlap","eq":1},{"op":"numeric_compare","field":"bankruptcy_overlap_count","gt":0}]}}', 1),
  (62, 161, 'direct_match', '{"version":1,"tag_name":"无破产重叠","subdimension_name":"破产重叠","exclusive_group":"risk_bankruptcy_overlap","description":"破产重叠布尔标记为 0 且数量为 0","logic":{"op":"and","rules":[{"op":"numeric_compare","field":"has_bankruptcy_overlap","eq":0},{"op":"numeric_compare","field":"bankruptcy_overlap_count","eq":0}]}}', 1),
  (63, 164, 'direct_match', '{"version":1,"tag_name":"有环保处罚","subdimension_name":"环保处罚","exclusive_group":"risk_env_penalty","description":"环保处罚布尔标记为 1 或数量大于 0","logic":{"op":"or","rules":[{"op":"numeric_compare","field":"has_env_penalty","eq":1},{"op":"numeric_compare","field":"env_penalty_count","gt":0}]}}', 1),
  (64, 165, 'direct_match', '{"version":1,"tag_name":"无环保处罚","subdimension_name":"环保处罚","exclusive_group":"risk_env_penalty","description":"环保处罚布尔标记为 0 且数量为 0","logic":{"op":"and","rules":[{"op":"numeric_compare","field":"has_env_penalty","eq":0},{"op":"numeric_compare","field":"env_penalty_count","eq":0}]}}', 1),
  (65, 166, 'direct_match', '{"version":1,"tag_name":"有股权冻结","subdimension_name":"股权冻结","exclusive_group":"risk_equity_freeze","description":"股权冻结布尔标记为 1 或数量大于 0","logic":{"op":"or","rules":[{"op":"numeric_compare","field":"has_equity_freeze","eq":1},{"op":"numeric_compare","field":"equity_freeze_count","gt":0}]}}', 1),
  (66, 167, 'direct_match', '{"version":1,"tag_name":"无股权冻结","subdimension_name":"股权冻结","exclusive_group":"risk_equity_freeze","description":"股权冻结布尔标记为 0 且数量为 0","logic":{"op":"and","rules":[{"op":"numeric_compare","field":"has_equity_freeze","eq":0},{"op":"numeric_compare","field":"equity_freeze_count","eq":0}]}}', 1),
  (67, 168, 'direct_match', '{"version":1,"tag_name":"有被执行人","subdimension_name":"被执行人","exclusive_group":"risk_executed_person","description":"被执行人布尔标记为 1 或数量大于 0","logic":{"op":"or","rules":[{"op":"numeric_compare","field":"has_executed_person","eq":1},{"op":"numeric_compare","field":"executed_person_count","gt":0}]}}', 1),
  (68, 169, 'direct_match', '{"version":1,"tag_name":"无被执行人","subdimension_name":"被执行人","exclusive_group":"risk_executed_person","description":"被执行人布尔标记为 0 且数量为 0","logic":{"op":"and","rules":[{"op":"numeric_compare","field":"has_executed_person","eq":0},{"op":"numeric_compare","field":"executed_person_count","eq":0}]}}', 1);

/*!40103 SET TIME_ZONE=@OLD_TIME_ZONE */;
/*!40101 SET SQL_MODE=@OLD_SQL_MODE */;
/*!40014 SET FOREIGN_KEY_CHECKS=@OLD_FOREIGN_KEY_CHECKS */;
/*!40014 SET UNIQUE_CHECKS=@OLD_UNIQUE_CHECKS */;
/*!40101 SET CHARACTER_SET_CLIENT=@OLD_CHARACTER_SET_CLIENT */;
/*!40101 SET CHARACTER_SET_RESULTS=@OLD_CHARACTER_SET_RESULTS */;
/*!40101 SET COLLATION_CONNECTION=@OLD_COLLATION_CONNECTION */;
/*!40111 SET SQL_NOTES=@OLD_SQL_NOTES */;
